comparison,regime,detector,magnitude_m,P_L_minus_P_C,ci95_lower,ci95_upper,l_band_supported_advantage
all_available,harmonized_20m,copol,1,0.08055555555555556,0.02546296296296296,0.13982060185185177,True
all_available,harmonized_20m,copol,2,0.1037037037037037,0.03795717592592593,0.17408564814814798,True
all_available,harmonized_20m,copol,3,0.11481481481481481,0.04490740740740741,0.18981481481481483,True
all_available,harmonized_20m,copol,4,0.1388888888888889,0.06805555555555556,0.2125,True
all_available,harmonized_20m,copol,5,0.17546296296296296,0.09813657407407408,0.2527893518518517,True
all_available,harmonized_20m,copol,6,0.212962962962963,0.1462962962962963,0.2726851851851852,True
all_available,harmonized_20m,copol,7,0.23472222222222222,0.17452546296296298,0.28240740740740744,True
all_available,harmonized_20m,copol,8,0.2384259259259259,0.17222222222222222,0.29260416666666655,True
all_available,harmonized_20m,copol,9,0.24722222222222223,0.16989583333333333,0.3157407407407407,True
all_available,harmonized_20m,copol,10,0.22777777777777777,0.14443287037037036,0.3013888888888889,True
all_available,harmonized_20m,copol,11,0.27037037037037037,0.2124884259259259,0.32685185185185184,True
all_available,harmonized_20m,copol,12,0.24212962962962964,0.1680555555555555,0.32129629629629625,True
all_available,harmonized_20m,copol,13,0.21574074074074073,0.12916666666666665,0.31667824074074064,True
all_available,harmonized_20m,copol,14,0.20092592592592595,0.09259259259259262,0.3171412037037036,True
all_available,harmonized_20m,copol,15,0.2050925925925926,0.09768518518518521,0.3157523148148147,True
all_available,harmonized_20m,copol,16,0.21203703703703708,0.11341435185185186,0.312962962962963,True
all_available,harmonized_20m,copol,17,0.2138888888888889,0.10462962962962963,0.3217592592592592,True
all_available,harmonized_20m,copol,18,0.18425925925925923,0.07776620370370366,0.2875,True
all_available,harmonized_20m,copol,19,0.1328703703703703,0.029629629629629672,0.23472222222222217,True
all_available,harmonized_20m,copol,20,0.0986111111111111,-0.003252314814814726,0.20185185185185184,False
all_available,harmonized_20m,copol,21,0.10138888888888886,0.00694444444444442,0.19074074074074077,True
all_available,harmonized_20m,copol,22,0.08657407407407403,0.0013773148148148158,0.16342592592592586,True
all_available,harmonized_20m,copol,23,0.10324074074074074,0.04166666666666663,0.15648148148148144,True
all_available,harmonized_20m,copol,24,0.10509259259259263,0.04120370370370374,0.15601851851851845,True
all_available,harmonized_20m,copol,25,0.11018518518518516,0.06944444444444442,0.1428298611111111,True
all_available,harmonized_20m,copol,26,0.09027777777777768,0.049537037037037046,0.11850562169312173,True
all_available,harmonized_20m,copol,27,0.0708333333333333,0.031018518518518445,0.09837318121693117,True
all_available,harmonized_20m,copol,28,0.063425925925926,0.04120370370370363,0.08194444444444449,True
all_available,harmonized_20m,copol,29,0.0537037037037037,0.031481481481481444,0.0717592592592593,True
all_available,harmonized_20m,copol,30,0.04120370370370374,0.019895833333333307,0.05810200825825831,True
all_available,harmonized_20m,copol,31,0.03518518518518521,0.01388888888888884,0.051613756613756556,True
all_available,harmonized_20m,copol,32,0.03674968071519802,0.026851851851851904,0.047685185185185164,True
all_available,harmonized_20m,copol,33,0.029805236270753488,0.021008939974457186,0.03981481481481486,True
all_available,harmonized_20m,copol,34,0.02239782886334607,0.014351851851851838,0.03194444444444444,True
all_available,harmonized_20m,copol,35,0.016379310344827647,0.009722222222222188,0.02546296296296291,True
all_available,harmonized_20m,copol,36,0.013601532567049768,0.008675446384713839,0.02239782886334618,True
all_available,harmonized_20m,copol,37,0.013601532567049768,0.008335278975095992,0.022222222222222254,True
all_available,harmonized_20m,copol,38,0.012353545449497294,0.007812500000000328,0.019677183977455815,True
all_available,harmonized_20m,copol,39,0.012353545449497294,0.007765127063993083,0.01828042328042323,True
all_available,harmonized_20m,copol,40,0.012353545449497294,0.007764060677994377,0.018010077302618773,True
all_available,harmonized_20m,copol,41,0.012353545449497294,0.007764060677994377,0.017990471525600904,True
all_available,harmonized_20m,copol,42,0.012353545449497294,0.007764060677994377,0.017989636431784174,True
all_available,harmonized_20m,copol,43,0.012353545449497294,0.007764060677994377,0.017989636431784174,True
all_available,harmonized_20m,copol,44,0.012353545449497294,0.007764060677994377,0.017989636431784174,True
all_available,harmonized_20m,copol,45,0.012353545449497294,0.007764060677994377,0.017989636431784174,True
all_available,harmonized_20m,copol,46,0.012353545449497294,0.007764060677994377,0.017989636431784174,True
all_available,harmonized_20m,copol,47,0.012353545449497294,0.007764060677994377,0.017989636431784174,True
all_available,harmonized_20m,copol,48,0.012353545449497294,0.007764060677994377,0.017989636431784174,True
all_available,harmonized_20m,copol,49,0.012353545449497294,0.007764060677994377,0.017989636431784174,True
all_available,harmonized_20m,copol,50,0.012353545449497294,0.007764060677994377,0.017989636431784174,True
all_available,harmonized_20m,copol,51,0.012353545449497294,0.007764060677994377,0.017989636431784174,True
all_available,harmonized_20m,copol,52,0.012353545449497294,0.007764060677994377,0.017989636431784174,True
all_available,harmonized_20m,copol,53,0.012353545449497294,0.007764060677994377,0.017989636431784174,True
all_available,harmonized_20m,copol,54,0.012353545449497294,0.007764060677994377,0.017989636431784174,True
all_available,harmonized_20m,copol,55,0.012353545449497294,0.007764060677994377,0.017989636431784174,True
all_available,harmonized_20m,copol,56,0.012353545449497294,0.007764060677994377,0.017989636431784174,True
all_available,harmonized_20m,copol,57,0.012353545449497294,0.007764060677994377,0.017989636431784174,True
all_available,harmonized_20m,copol,58,0.012353545449497294,0.007764060677994377,0.017989636431784174,True
all_available,harmonized_20m,copol,59,0.012353545449497294,0.007764060677994377,0.017989636431784174,True
all_available,harmonized_20m,copol,60,0.012353545449497294,0.007764060677994377,0.017989636431784174,True
all_available,harmonized_20m,dualpol_consensus,1,0.0125,-0.006944444444444444,0.04722222222222223,False
all_available,harmonized_20m,dualpol_consensus,2,0.012037037037037037,-0.007407407407407408,0.04722222222222223,False
all_available,harmonized_20m,dualpol_consensus,3,0.03611111111111111,-0.004629629629629629,0.08195601851851834,False
all_available,harmonized_20m,dualpol_consensus,4,0.04351851851851852,0.004166666666666667,0.09351851851851853,True
all_available,harmonized_20m,dualpol_consensus,5,0.0925925925925926,0.02175925925925926,0.17314814814814813,True
all_available,harmonized_20m,dualpol_consensus,6,0.12129629629629629,0.04166666666666667,0.20462962962962963,True
all_available,harmonized_20m,dualpol_consensus,7,0.13425925925925924,0.058784722222222224,0.2125,True
all_available,harmonized_20m,dualpol_consensus,8,0.1486111111111111,0.06481481481481481,0.23425925925925928,True
all_available,harmonized_20m,dualpol_consensus,9,0.17453703703703705,0.08934027777777778,0.2583449074074073,True
all_available,harmonized_20m,dualpol_consensus,10,0.17592592592592593,0.07961805555555557,0.2740740740740741,True
all_available,harmonized_20m,dualpol_consensus,11,0.25,0.15000000000000002,0.3416782407407406,True
all_available,harmonized_20m,dualpol_consensus,12,0.27731481481481485,0.1675810185185185,0.37547453703703687,True
all_available,harmonized_20m,dualpol_consensus,13,0.29907407407407405,0.1837962962962963,0.4083333333333334,True
all_available,harmonized_20m,dualpol_consensus,14,0.3087962962962963,0.18239583333333334,0.4351851851851852,True
all_available,harmonized_20m,dualpol_consensus,15,0.2842592592592592,0.16805555555555557,0.4018518518518518,True
all_available,harmonized_20m,dualpol_consensus,16,0.30416666666666664,0.175,0.43565972222222205,True
all_available,harmonized_20m,dualpol_consensus,17,0.3060185185185186,0.1699074074074074,0.437962962962963,True
all_available,harmonized_20m,dualpol_consensus,18,0.3055555555555556,0.1916666666666667,0.4194560185185184,True
all_available,harmonized_20m,dualpol_consensus,19,0.28611111111111115,0.16851851851851857,0.3981597222222221,True
all_available,harmonized_20m,dualpol_consensus,20,0.24629629629629635,0.11759259259259258,0.3652777777777778,True
all_available,harmonized_20m,dualpol_consensus,21,0.27222222222222225,0.14165509259259254,0.3708449074074073,True
all_available,harmonized_20m,dualpol_consensus,22,0.24166666666666659,0.1277662037037037,0.33472222222222214,True
all_available,harmonized_20m,dualpol_consensus,23,0.19768518518518519,0.08239583333333331,0.29166666666666663,True
all_available,harmonized_20m,dualpol_consensus,24,0.19305555555555565,0.07500000000000007,0.28240740740740744,True
all_available,harmonized_20m,dualpol_consensus,25,0.1694444444444444,0.05415509259259262,0.2555729166666666,True
all_available,harmonized_20m,dualpol_consensus,26,0.1444444444444445,0.033333333333333326,0.22037304131054133,True
all_available,harmonized_20m,dualpol_consensus,27,0.13564814814814807,0.04351851851851851,0.1913905723905722,True
all_available,harmonized_20m,dualpol_consensus,28,0.125462962962963,0.07383680555555559,0.159354983660131,True
all_available,harmonized_20m,dualpol_consensus,29,0.1069444444444444,0.056006944444444505,0.13981685729847493,True
all_available,harmonized_20m,dualpol_consensus,30,0.08379629629629626,0.040740740740740744,0.11683415032679746,True
all_available,harmonized_20m,dualpol_consensus,31,0.06944444444444442,0.027314814814814792,0.1014814814814814,True
all_available,harmonized_20m,dualpol_consensus,32,0.0625,0.031932870370370264,0.09092592592592585,True
all_available,harmonized_20m,dualpol_consensus,33,0.04907407407407405,0.018981481481481485,0.07685395622895619,True
all_available,harmonized_20m,dualpol_consensus,34,0.04675925925925917,0.02083333333333337,0.06907407407407397,True
all_available,harmonized_20m,dualpol_consensus,35,0.0351851851851851,0.00971064814814812,0.05648148148148158,True
all_available,harmonized_20m,dualpol_consensus,36,0.02546296296296291,0.0004629629629629983,0.04583333333333339,True
all_available,harmonized_20m,dualpol_consensus,37,0.03460648148148171,0.021759259259259586,0.048842592592592826,True
all_available,harmonized_20m,dualpol_consensus,38,0.02534722222222241,0.01423611111111111,0.039123263888889113,True
all_available,harmonized_20m,dualpol_consensus,39,0.022569444444444642,0.012957793514859081,0.035995370370370594,True
all_available,harmonized_20m,dualpol_consensus,40,0.02151124338624344,0.01236492529461298,0.032618371212121786,True
all_available,harmonized_20m,dualpol_consensus,41,0.02151124338624344,0.012262772359345845,0.03232514880952394,True
all_available,harmonized_20m,dualpol_consensus,42,0.02151124338624344,0.012262772359345845,0.03232514880952394,True
all_available,harmonized_20m,dualpol_consensus,43,0.02151124338624344,0.012262772359345845,0.03232514880952394,True
all_available,harmonized_20m,dualpol_consensus,44,0.02151124338624344,0.012262772359345845,0.03232514880952394,True
all_available,harmonized_20m,dualpol_consensus,45,0.02151124338624344,0.012262772359345845,0.03232514880952394,True
all_available,harmonized_20m,dualpol_consensus,46,0.02151124338624344,0.012262772359345845,0.03232514880952394,True
all_available,harmonized_20m,dualpol_consensus,47,0.02151124338624344,0.012262772359345845,0.03232514880952394,True
all_available,harmonized_20m,dualpol_consensus,48,0.02151124338624344,0.012262772359345845,0.03232514880952394,True
all_available,harmonized_20m,dualpol_consensus,49,0.02151124338624344,0.012262772359345845,0.03232514880952394,True
all_available,harmonized_20m,dualpol_consensus,50,0.02151124338624344,0.012262772359345845,0.03232514880952394,True
all_available,harmonized_20m,dualpol_consensus,51,0.02151124338624344,0.012262772359345845,0.03232514880952394,True
all_available,harmonized_20m,dualpol_consensus,52,0.02151124338624344,0.012262772359345845,0.03232514880952394,True
all_available,harmonized_20m,dualpol_consensus,53,0.02151124338624344,0.012262772359345845,0.03232514880952394,True
all_available,harmonized_20m,dualpol_consensus,54,0.02151124338624344,0.012262772359345845,0.03232514880952394,True
all_available,harmonized_20m,dualpol_consensus,55,0.02151124338624344,0.012262772359345845,0.03232514880952394,True
all_available,harmonized_20m,dualpol_consensus,56,0.02151124338624344,0.012262772359345845,0.03232514880952394,True
all_available,harmonized_20m,dualpol_consensus,57,0.02151124338624344,0.012262772359345845,0.03232514880952394,True
all_available,harmonized_20m,dualpol_consensus,58,0.02151124338624344,0.012262772359345845,0.03232514880952394,True
all_available,harmonized_20m,dualpol_consensus,59,0.02151124338624344,0.012262772359345845,0.03232514880952394,True
all_available,harmonized_20m,dualpol_consensus,60,0.02151124338624344,0.012262772359345845,0.03232514880952394,True
all_available,matched_10m,copol,1,0.16111111111111112,0.03611111111111111,0.28703703703703703,True
all_available,matched_10m,copol,2,0.25972222222222224,0.13148148148148148,0.33195601851851836,True
all_available,matched_10m,copol,3,0.28703703703703703,0.12361111111111112,0.4,True
all_available,matched_10m,copol,4,0.35,0.25972222222222224,0.4472337962962962,True
all_available,matched_10m,copol,5,0.37175925925925923,0.24953703703703703,0.4833333333333333,True
all_available,matched_10m,copol,6,0.44259259259259254,0.26480324074074074,0.5930671296296295,True
all_available,matched_10m,copol,7,0.4180555555555555,0.21572916666666672,0.5697569444444442,True
all_available,matched_10m,copol,8,0.41481481481481486,0.2768402777777777,0.47938548218029314,True
all_available,matched_10m,copol,9,0.336111111111111,0.20324074074074072,0.3797784211551902,True
all_available,matched_10m,copol,10,0.23210784313725474,0.17500000000000004,0.2678435097833681,True
all_available,matched_10m,copol,11,0.1543300653594769,0.1218518518518523,0.18867990041928706,True
all_available,matched_10m,copol,12,0.09183006535947691,0.06056617647058853,0.12468568017703242,True
all_available,matched_10m,copol,13,0.037663398692810324,0.00857720064521553,0.06805577393431166,True
all_available,matched_10m,copol,14,-0.0007625272331156507,-0.0280773420479299,0.027926493710691825,False
all_available,matched_10m,copol,15,-0.02854030501089344,-0.05527777777777776,-0.0011570798392734913,False
all_available,matched_10m,copol,16,-0.039188453159041514,-0.06544185729847472,-0.011931996855345822,False
all_available,matched_10m,copol,17,-0.05122549019607858,-0.07565463148643303,-0.0244830974842769,False
all_available,matched_10m,copol,18,-0.0539925013933219,-0.0778209517657195,-0.029468475687657737,False
all_available,matched_10m,copol,19,-0.0539925013933219,-0.0778756239722813,-0.02963991732355723,False
all_available,matched_10m,copol,20,-0.0539925013933219,-0.0778756239722813,-0.029647020519661275,False
all_available,matched_10m,copol,21,-0.0539925013933219,-0.0778756239722813,-0.029647020519661275,False
all_available,matched_10m,copol,22,-0.0539925013933219,-0.0778756239722813,-0.029647020519661275,False
all_available,matched_10m,copol,23,-0.0539925013933219,-0.0778756239722813,-0.029647020519661275,False
all_available,matched_10m,copol,24,-0.0539925013933219,-0.0778756239722813,-0.029647020519661275,False
all_available,matched_10m,copol,25,-0.0539925013933219,-0.0778756239722813,-0.029647020519661275,False
all_available,matched_10m,copol,26,-0.0539925013933219,-0.0778756239722813,-0.029647020519661275,False
all_available,matched_10m,copol,27,-0.0539925013933219,-0.0778756239722813,-0.029647020519661275,False
all_available,matched_10m,copol,28,-0.0539925013933219,-0.0778756239722813,-0.029647020519661275,False
all_available,matched_10m,copol,29,-0.0539925013933219,-0.0778756239722813,-0.029647020519661275,False
all_available,matched_10m,copol,30,-0.0539925013933219,-0.0778756239722813,-0.029647020519661275,False
all_available,matched_10m,copol,31,-0.0539925013933219,-0.0778756239722813,-0.029647020519661275,False
all_available,matched_10m,copol,32,-0.0539925013933219,-0.0778756239722813,-0.029647020519661275,False
all_available,matched_10m,copol,33,-0.0539925013933219,-0.0778756239722813,-0.029647020519661275,False
all_available,matched_10m,copol,34,-0.0539925013933219,-0.0778756239722813,-0.029647020519661275,False
all_available,matched_10m,copol,35,-0.0539925013933219,-0.0778756239722813,-0.029647020519661275,False
all_available,matched_10m,copol,36,-0.0539925013933219,-0.0778756239722813,-0.029647020519661275,False
all_available,matched_10m,copol,37,-0.0539925013933219,-0.0778756239722813,-0.029647020519661275,False
all_available,matched_10m,copol,38,-0.0539925013933219,-0.0778756239722813,-0.029647020519661275,False
all_available,matched_10m,copol,39,-0.0539925013933219,-0.0778756239722813,-0.029647020519661275,False
all_available,matched_10m,copol,40,-0.0539925013933219,-0.0778756239722813,-0.029647020519661275,False
all_available,matched_10m,copol,41,-0.0539925013933219,-0.0778756239722813,-0.029647020519661275,False
all_available,matched_10m,copol,42,-0.0539925013933219,-0.0778756239722813,-0.029647020519661275,False
all_available,matched_10m,copol,43,-0.0539925013933219,-0.0778756239722813,-0.029647020519661275,False
all_available,matched_10m,copol,44,-0.0539925013933219,-0.0778756239722813,-0.029647020519661275,False
all_available,matched_10m,copol,45,-0.0539925013933219,-0.0778756239722813,-0.029647020519661275,False
all_available,matched_10m,copol,46,-0.0539925013933219,-0.0778756239722813,-0.029647020519661275,False
all_available,matched_10m,copol,47,-0.0539925013933219,-0.0778756239722813,-0.029647020519661275,False
all_available,matched_10m,copol,48,-0.0539925013933219,-0.0778756239722813,-0.029647020519661275,False
all_available,matched_10m,copol,49,-0.0539925013933219,-0.0778756239722813,-0.029647020519661275,False
all_available,matched_10m,copol,50,-0.0539925013933219,-0.0778756239722813,-0.029647020519661275,False
all_available,matched_10m,copol,51,-0.0539925013933219,-0.0778756239722813,-0.029647020519661275,False
all_available,matched_10m,copol,52,-0.0539925013933219,-0.0778756239722813,-0.029647020519661275,False
all_available,matched_10m,copol,53,-0.0539925013933219,-0.0778756239722813,-0.029647020519661275,False
all_available,matched_10m,copol,54,-0.0539925013933219,-0.0778756239722813,-0.029647020519661275,False
all_available,matched_10m,copol,55,-0.0539925013933219,-0.0778756239722813,-0.029647020519661275,False
all_available,matched_10m,copol,56,-0.0539925013933219,-0.0778756239722813,-0.029647020519661275,False
all_available,matched_10m,copol,57,-0.0539925013933219,-0.0778756239722813,-0.029647020519661275,False
all_available,matched_10m,copol,58,-0.0539925013933219,-0.0778756239722813,-0.029647020519661275,False
all_available,matched_10m,copol,59,-0.0539925013933219,-0.0778756239722813,-0.029647020519661275,False
all_available,matched_10m,copol,60,-0.0539925013933219,-0.0778756239722813,-0.029647020519661275,False
all_available,matched_10m,dualpol_consensus,1,0.04074074074074074,-0.002777777777777778,0.125,False
all_available,matched_10m,dualpol_consensus,2,0.14351851851851852,0.0375,0.2685185185185185,True
all_available,matched_10m,dualpol_consensus,3,0.2439814814814815,0.09251157407407411,0.3902777777777778,True
all_available,matched_10m,dualpol_consensus,4,0.3574074074074074,0.23333333333333334,0.4638888888888889,True
all_available,matched_10m,dualpol_consensus,5,0.3976851851851852,0.3027546296296296,0.4912152777777777,True
all_available,matched_10m,dualpol_consensus,6,0.525462962962963,0.4300810185185185,0.6199074074074075,True
all_available,matched_10m,dualpol_consensus,7,0.5041666666666667,0.42406249999999995,0.5773148148148148,True
all_available,matched_10m,dualpol_consensus,8,0.6106481481481482,0.524074074074074,0.6627755939902168,True
all_available,matched_10m,dualpol_consensus,9,0.5324875356125353,0.4402777777777778,0.5751222921034241,True
all_available,matched_10m,dualpol_consensus,10,0.40980235042735,0.3562622549019608,0.45690141543030693,True
all_available,matched_10m,dualpol_consensus,11,0.30841346153846116,0.26195428240740726,0.3547119836182333,True
all_available,matched_10m,dualpol_consensus,12,0.23896901709401674,0.19444247903563916,0.2835914486238776,True
all_available,matched_10m,dualpol_consensus,13,0.16396901709401668,0.12236154786862302,0.20519155092592606,True
all_available,matched_10m,dualpol_consensus,14,0.09683938746438703,0.057379763226045113,0.1358402463549519,True
all_available,matched_10m,dualpol_consensus,15,0.051006054131053746,0.012335920479302901,0.08908054193899746,True
all_available,matched_10m,dualpol_consensus,16,0.01813568376068342,-0.01835826210826197,0.05405639379401168,False
all_available,matched_10m,dualpol_consensus,17,-0.00316061253561295,-0.03861791938997813,0.032077991452991506,False
all_available,matched_10m,dualpol_consensus,18,-0.026771723646723977,-0.061471872816212345,0.007078056917211358,False
all_available,matched_10m,dualpol_consensus,19,-0.04204950142450181,-0.07557310293089968,-0.009731125356125627,False
all_available,matched_10m,dualpol_consensus,20,-0.05454950142450177,-0.08591922010022018,-0.023093485524551656,False
all_available,matched_10m,dualpol_consensus,21,-0.058681445868946414,-0.09006472119706388,-0.02895914927298301,False
all_available,matched_10m,dualpol_consensus,22,-0.058681445868946414,-0.09055914788609386,-0.02944294665502694,False
all_available,matched_10m,dualpol_consensus,23,-0.058681445868946414,-0.09055914788609386,-0.02944294665502694,False
all_available,matched_10m,dualpol_consensus,24,-0.058681445868946414,-0.09055914788609386,-0.02944294665502694,False
all_available,matched_10m,dualpol_consensus,25,-0.058681445868946414,-0.09055914788609386,-0.02944294665502694,False
all_available,matched_10m,dualpol_consensus,26,-0.058681445868946414,-0.09055914788609386,-0.02944294665502694,False
all_available,matched_10m,dualpol_consensus,27,-0.058681445868946414,-0.09055914788609386,-0.02944294665502694,False
all_available,matched_10m,dualpol_consensus,28,-0.058681445868946414,-0.09055914788609386,-0.02944294665502694,False
all_available,matched_10m,dualpol_consensus,29,-0.058681445868946414,-0.09055914788609386,-0.02944294665502694,False
all_available,matched_10m,dualpol_consensus,30,-0.058681445868946414,-0.09055914788609386,-0.02944294665502694,False
all_available,matched_10m,dualpol_consensus,31,-0.058681445868946414,-0.09055914788609386,-0.02944294665502694,False
all_available,matched_10m,dualpol_consensus,32,-0.058681445868946414,-0.09055914788609386,-0.02944294665502694,False
all_available,matched_10m,dualpol_consensus,33,-0.058681445868946414,-0.09055914788609386,-0.02944294665502694,False
all_available,matched_10m,dualpol_consensus,34,-0.058681445868946414,-0.09055914788609386,-0.02944294665502694,False
all_available,matched_10m,dualpol_consensus,35,-0.058681445868946414,-0.09055914788609386,-0.02944294665502694,False
all_available,matched_10m,dualpol_consensus,36,-0.058681445868946414,-0.09055914788609386,-0.02944294665502694,False
all_available,matched_10m,dualpol_consensus,37,-0.058681445868946414,-0.09055914788609386,-0.02944294665502694,False
all_available,matched_10m,dualpol_consensus,38,-0.058681445868946414,-0.09055914788609386,-0.02944294665502694,False
all_available,matched_10m,dualpol_consensus,39,-0.058681445868946414,-0.09055914788609386,-0.02944294665502694,False
all_available,matched_10m,dualpol_consensus,40,-0.058681445868946414,-0.09055914788609386,-0.02944294665502694,False
all_available,matched_10m,dualpol_consensus,41,-0.058681445868946414,-0.09055914788609386,-0.02944294665502694,False
all_available,matched_10m,dualpol_consensus,42,-0.058681445868946414,-0.09055914788609386,-0.02944294665502694,False
all_available,matched_10m,dualpol_consensus,43,-0.058681445868946414,-0.09055914788609386,-0.02944294665502694,False
all_available,matched_10m,dualpol_consensus,44,-0.058681445868946414,-0.09055914788609386,-0.02944294665502694,False
all_available,matched_10m,dualpol_consensus,45,-0.058681445868946414,-0.09055914788609386,-0.02944294665502694,False
all_available,matched_10m,dualpol_consensus,46,-0.058681445868946414,-0.09055914788609386,-0.02944294665502694,False
all_available,matched_10m,dualpol_consensus,47,-0.058681445868946414,-0.09055914788609386,-0.02944294665502694,False
all_available,matched_10m,dualpol_consensus,48,-0.058681445868946414,-0.09055914788609386,-0.02944294665502694,False
all_available,matched_10m,dualpol_consensus,49,-0.058681445868946414,-0.09055914788609386,-0.02944294665502694,False
all_available,matched_10m,dualpol_consensus,50,-0.058681445868946414,-0.09055914788609386,-0.02944294665502694,False
all_available,matched_10m,dualpol_consensus,51,-0.058681445868946414,-0.09055914788609386,-0.02944294665502694,False
all_available,matched_10m,dualpol_consensus,52,-0.058681445868946414,-0.09055914788609386,-0.02944294665502694,False
all_available,matched_10m,dualpol_consensus,53,-0.058681445868946414,-0.09055914788609386,-0.02944294665502694,False
all_available,matched_10m,dualpol_consensus,54,-0.058681445868946414,-0.09055914788609386,-0.02944294665502694,False
all_available,matched_10m,dualpol_consensus,55,-0.058681445868946414,-0.09055914788609386,-0.02944294665502694,False
all_available,matched_10m,dualpol_consensus,56,-0.058681445868946414,-0.09055914788609386,-0.02944294665502694,False
all_available,matched_10m,dualpol_consensus,57,-0.058681445868946414,-0.09055914788609386,-0.02944294665502694,False
all_available,matched_10m,dualpol_consensus,58,-0.058681445868946414,-0.09055914788609386,-0.02944294665502694,False
all_available,matched_10m,dualpol_consensus,59,-0.058681445868946414,-0.09055914788609386,-0.02944294665502694,False
all_available,matched_10m,dualpol_consensus,60,-0.058681445868946414,-0.09055914788609386,-0.02944294665502694,False
matched_pair_depth,harmonized_20m,copol,1,0.06666666666666668,-0.008333333333333331,0.14166666666666666,False
matched_pair_depth,harmonized_20m,copol,2,0.09166666666666667,0.008333333333333331,0.16666666666666669,True
matched_pair_depth,harmonized_20m,copol,3,0.10833333333333334,0.024999999999999994,0.19166666666666668,True
matched_pair_depth,harmonized_20m,copol,4,0.10833333333333332,0.016666666666666663,0.2,True
matched_pair_depth,harmonized_20m,copol,5,0.14166666666666666,0.033333333333333326,0.2375,True
matched_pair_depth,harmonized_20m,copol,6,0.17500000000000002,0.07500000000000001,0.26666666666666666,True
matched_pair_depth,harmonized_20m,copol,7,0.19166666666666665,0.09166666666666665,0.2833333333333333,True
matched_pair_depth,harmonized_20m,copol,8,0.21666666666666665,0.10833333333333334,0.31666666666666665,True
matched_pair_depth,harmonized_20m,copol,9,0.23333333333333334,0.11666666666666667,0.3416666666666667,True
matched_pair_depth,harmonized_20m,copol,10,0.19999999999999998,0.08333333333333331,0.31666666666666665,True
matched_pair_depth,harmonized_20m,copol,11,0.22499999999999998,0.11666666666666664,0.3333333333333333,True
matched_pair_depth,harmonized_20m,copol,12,0.22499999999999998,0.09999999999999998,0.3541666666666667,True
matched_pair_depth,harmonized_20m,copol,13,0.175,0.029166666666666674,0.325,True
matched_pair_depth,harmonized_20m,copol,14,0.16666666666666669,0.008333333333333304,0.325,True
matched_pair_depth,harmonized_20m,copol,15,0.125,-0.029166666666666674,0.2833333333333333,False
matched_pair_depth,harmonized_20m,copol,16,0.17500000000000004,0.02083333333333337,0.3166666666666667,True
matched_pair_depth,harmonized_20m,copol,17,0.15000000000000002,-0.012499999999999959,0.30000000000000004,False
matched_pair_depth,harmonized_20m,copol,18,0.15000000000000002,-0.016666666666666607,0.30000000000000004,False
matched_pair_depth,harmonized_20m,copol,19,0.10833333333333328,-0.050000000000000044,0.2583333333333334,False
matched_pair_depth,harmonized_20m,copol,20,0.05833333333333335,-0.07500000000000007,0.19166666666666676,False
matched_pair_depth,harmonized_20m,copol,21,0.09166666666666656,-0.04166666666666663,0.21666666666666667,False
matched_pair_depth,harmonized_20m,copol,22,0.09999999999999998,-0.025000000000000022,0.21666666666666667,False
matched_pair_depth,harmonized_20m,copol,23,0.10833333333333339,0.008333333333333304,0.20833333333333337,True
matched_pair_depth,harmonized_20m,copol,24,0.09999999999999998,0.0,0.20670833333333272,False
matched_pair_depth,harmonized_20m,copol,25,0.1333333333333333,0.039552083333333425,0.2283541666666663,True
matched_pair_depth,harmonized_20m,copol,26,0.11666666666666659,0.025000000000000022,0.20833333333333337,True
matched_pair_depth,harmonized_20m,copol,27,0.11666666666666659,0.025000000000000022,0.20833333333333337,True
matched_pair_depth,harmonized_20m,copol,28,0.09166666666666667,0.01666666666666672,0.17500000000000004,True
matched_pair_depth,harmonized_20m,copol,29,0.07500000000000007,0.016666666666666607,0.15787037037037044,True
matched_pair_depth,harmonized_20m,copol,30,0.05833333333333335,0.008333333333333304,0.12476190476190474,True
matched_pair_depth,harmonized_20m,copol,31,0.050000000000000044,0.0,0.11666666666666659,False
matched_pair_depth,harmonized_20m,copol,32,0.04137931034482756,0.008333333333333304,0.08309523809523811,True
matched_pair_depth,harmonized_20m,copol,33,0.02471264367816095,0.003899322660098531,0.06637931034482758,True
matched_pair_depth,harmonized_20m,copol,34,0.017305236270753532,0.0009472115793954794,0.050000000000000044,True
matched_pair_depth,harmonized_20m,copol,35,0.017305236270753532,0.0009472115793954794,0.050000000000000044,True
matched_pair_depth,harmonized_20m,copol,36,0.017305236270753532,0.0009472115793954794,0.050000000000000044,True
matched_pair_depth,harmonized_20m,copol,37,0.017305236270753532,0.0009472115793954794,0.050000000000000044,True
matched_pair_depth,harmonized_20m,copol,38,0.017305236270753532,0.0009472115793954794,0.050000000000000044,True
matched_pair_depth,harmonized_20m,copol,39,0.017305236270753532,0.0009472115793954794,0.050000000000000044,True
matched_pair_depth,harmonized_20m,copol,40,0.017305236270753532,0.0009472115793954794,0.04012345679012386,True
matched_pair_depth,harmonized_20m,copol,41,0.017305236270753532,0.0009031198686370034,0.03961500524539358,True
matched_pair_depth,harmonized_20m,copol,42,0.017305236270753532,0.0009031198686370034,0.03961500524539358,True
matched_pair_depth,harmonized_20m,copol,43,0.017305236270753532,0.0009031198686370034,0.03961500524539358,True
matched_pair_depth,harmonized_20m,copol,44,0.017305236270753532,0.0009031198686370034,0.03961500524539358,True
matched_pair_depth,harmonized_20m,copol,45,0.017305236270753532,0.0009031198686370034,0.03961500524539358,True
matched_pair_depth,harmonized_20m,copol,46,0.017305236270753532,0.0009031198686370034,0.03961500524539358,True
matched_pair_depth,harmonized_20m,copol,47,0.017305236270753532,0.0009031198686370034,0.03961500524539358,True
matched_pair_depth,harmonized_20m,copol,48,0.017305236270753532,0.0009031198686370034,0.03961500524539358,True
matched_pair_depth,harmonized_20m,copol,49,0.017305236270753532,0.0009031198686370034,0.03961500524539358,True
matched_pair_depth,harmonized_20m,copol,50,0.017305236270753532,0.0009031198686370034,0.03961500524539358,True
matched_pair_depth,harmonized_20m,copol,51,0.017305236270753532,0.0009031198686370034,0.03961500524539358,True
matched_pair_depth,harmonized_20m,copol,52,0.017305236270753532,0.0009031198686370034,0.03961500524539358,True
matched_pair_depth,harmonized_20m,copol,53,0.017305236270753532,0.0009031198686370034,0.03961500524539358,True
matched_pair_depth,harmonized_20m,copol,54,0.017305236270753532,0.0009031198686370034,0.03961500524539358,True
matched_pair_depth,harmonized_20m,copol,55,0.017305236270753532,0.0009031198686370034,0.03961500524539358,True
matched_pair_depth,harmonized_20m,copol,56,0.017305236270753532,0.0009031198686370034,0.03961500524539358,True
matched_pair_depth,harmonized_20m,copol,57,0.017305236270753532,0.0009031198686370034,0.03961500524539358,True
matched_pair_depth,harmonized_20m,copol,58,0.017305236270753532,0.0009031198686370034,0.03961500524539358,True
matched_pair_depth,harmonized_20m,copol,59,0.017305236270753532,0.0009031198686370034,0.03961500524539358,True
matched_pair_depth,harmonized_20m,copol,60,0.017305236270753532,0.0009031198686370034,0.03961500524539358,True
matched_pair_depth,harmonized_20m,dualpol_consensus,1,0.016666666666666666,0.0,0.05,False
matched_pair_depth,harmonized_20m,dualpol_consensus,2,0.016666666666666666,0.0,0.05,False
matched_pair_depth,harmonized_20m,dualpol_consensus,3,0.041666666666666664,0.0,0.0875,False
matched_pair_depth,harmonized_20m,dualpol_consensus,4,0.05,0.008333333333333333,0.1,True
matched_pair_depth,harmonized_20m,dualpol_consensus,5,0.1,0.03333333333333333,0.17791666666666464,True
matched_pair_depth,harmonized_20m,dualpol_consensus,6,0.13333333333333333,0.05416666666666667,0.21666666666666667,True
matched_pair_depth,harmonized_20m,dualpol_consensus,7,0.15,0.075,0.225,True
matched_pair_depth,harmonized_20m,dualpol_consensus,8,0.175,0.09166666666666666,0.25833333333333336,True
matched_pair_depth,harmonized_20m,dualpol_consensus,9,0.19166666666666668,0.1082291666666667,0.275,True
matched_pair_depth,harmonized_20m,dualpol_consensus,10,0.19166666666666668,0.09166666666666666,0.2916666666666667,True
matched_pair_depth,harmonized_20m,dualpol_consensus,11,0.26666666666666666,0.15000000000000002,0.37083333333333335,True
matched_pair_depth,harmonized_20m,dualpol_consensus,12,0.30000000000000004,0.17500000000000002,0.41666666666666663,True
matched_pair_depth,harmonized_20m,dualpol_consensus,13,0.31666666666666665,0.18333333333333335,0.4416666666666667,True
matched_pair_depth,harmonized_20m,dualpol_consensus,14,0.325,0.18333333333333332,0.475,True
matched_pair_depth,harmonized_20m,dualpol_consensus,15,0.26666666666666666,0.13333333333333336,0.40833333333333327,True
matched_pair_depth,harmonized_20m,dualpol_consensus,16,0.3083333333333333,0.15833333333333333,0.45833333333333337,True
matched_pair_depth,harmonized_20m,dualpol_consensus,17,0.30000000000000004,0.14166666666666666,0.4583333333333333,True
matched_pair_depth,harmonized_20m,dualpol_consensus,18,0.30000000000000004,0.15000000000000002,0.4416666666666667,True
matched_pair_depth,harmonized_20m,dualpol_consensus,19,0.2916666666666667,0.13312500000000005,0.45,True
matched_pair_depth,harmonized_20m,dualpol_consensus,20,0.22499999999999998,0.06666666666666665,0.375,True
matched_pair_depth,harmonized_20m,dualpol_consensus,21,0.2666666666666666,0.09166666666666667,0.4111458333333329,True
matched_pair_depth,harmonized_20m,dualpol_consensus,22,0.2583333333333333,0.09999999999999998,0.4,True
matched_pair_depth,harmonized_20m,dualpol_consensus,23,0.22499999999999998,0.06666666666666665,0.3666666666666666,True
matched_pair_depth,harmonized_20m,dualpol_consensus,24,0.20000000000000007,0.04166666666666663,0.3417708333333318,True
matched_pair_depth,harmonized_20m,dualpol_consensus,25,0.16666666666666663,0.004166666666666652,0.31666666666666665,True
matched_pair_depth,harmonized_20m,dualpol_consensus,26,0.13333333333333341,-0.01666666666666672,0.2720454545454534,False
matched_pair_depth,harmonized_20m,dualpol_consensus,27,0.1499999999999999,0.016666666666666607,0.275,True
matched_pair_depth,harmonized_20m,dualpol_consensus,28,0.15416666666666667,0.04583333333333328,0.2616666666666666,True
matched_pair_depth,harmonized_20m,dualpol_consensus,29,0.12916666666666665,0.031232638888888786,0.22499999999999998,True
matched_pair_depth,harmonized_20m,dualpol_consensus,30,0.07916666666666661,-0.002083333333333326,0.1680555555555554,False
matched_pair_depth,harmonized_20m,dualpol_consensus,31,0.0708333333333333,-0.008333333333333415,0.16166666666666663,False
matched_pair_depth,harmonized_20m,dualpol_consensus,32,0.05833333333333335,-0.006944444444444531,0.1399999999999999,False
matched_pair_depth,harmonized_20m,dualpol_consensus,33,0.033333333333333326,-0.016666666666666607,0.09999999999999998,False
matched_pair_depth,harmonized_20m,dualpol_consensus,34,0.033333333333333326,-0.0083390804597702,0.09999999999999998,False
matched_pair_depth,harmonized_20m,dualpol_consensus,35,0.02499999999999991,-0.010577651515151583,0.08666666666666645,False
matched_pair_depth,harmonized_20m,dualpol_consensus,36,0.016666666666666607,-0.01543796296296292,0.07500000000000007,False
matched_pair_depth,harmonized_20m,dualpol_consensus,37,0.021875000000000533,0.0024305555555558245,0.06374179639804653,True
matched_pair_depth,harmonized_20m,dualpol_consensus,38,0.021875000000000533,-0.00013536634460547495,0.05903273809523771,False
matched_pair_depth,harmonized_20m,dualpol_consensus,39,0.021875000000000533,-0.00013536634460547495,0.05903273809523771,False
matched_pair_depth,harmonized_20m,dualpol_consensus,40,0.021875000000000533,-0.00013536634460547495,0.05903273809523771,False
matched_pair_depth,harmonized_20m,dualpol_consensus,41,0.021875000000000533,-0.0002369598765430911,0.052137419871794585,False
matched_pair_depth,harmonized_20m,dualpol_consensus,42,0.021875000000000533,-0.0002369598765430911,0.052137419871794585,False
matched_pair_depth,harmonized_20m,dualpol_consensus,43,0.021875000000000533,-0.0002369598765430911,0.052137419871794585,False
matched_pair_depth,harmonized_20m,dualpol_consensus,44,0.021875000000000533,-0.0002369598765430911,0.052137419871794585,False
matched_pair_depth,harmonized_20m,dualpol_consensus,45,0.021875000000000533,-0.0002369598765430911,0.052137419871794585,False
matched_pair_depth,harmonized_20m,dualpol_consensus,46,0.021875000000000533,-0.0007639358108104899,0.052137419871794585,False
matched_pair_depth,harmonized_20m,dualpol_consensus,47,0.021875000000000533,-0.0007639358108104899,0.052137419871794585,False
matched_pair_depth,harmonized_20m,dualpol_consensus,48,0.021875000000000533,-0.0007639358108104899,0.052137419871794585,False
matched_pair_depth,harmonized_20m,dualpol_consensus,49,0.021875000000000533,-0.0007639358108104899,0.052137419871794585,False
matched_pair_depth,harmonized_20m,dualpol_consensus,50,0.021875000000000533,-0.0007639358108104899,0.052137419871794585,False
matched_pair_depth,harmonized_20m,dualpol_consensus,51,0.021875000000000533,-0.0007639358108104899,0.052137419871794585,False
matched_pair_depth,harmonized_20m,dualpol_consensus,52,0.021875000000000533,-0.0007639358108104899,0.052137419871794585,False
matched_pair_depth,harmonized_20m,dualpol_consensus,53,0.021875000000000533,-0.0007639358108104899,0.052137419871794585,False
matched_pair_depth,harmonized_20m,dualpol_consensus,54,0.021875000000000533,-0.0007639358108104899,0.052137419871794585,False
matched_pair_depth,harmonized_20m,dualpol_consensus,55,0.021875000000000533,-0.0007639358108104899,0.052137419871794585,False
matched_pair_depth,harmonized_20m,dualpol_consensus,56,0.021875000000000533,-0.0007639358108104899,0.052137419871794585,False
matched_pair_depth,harmonized_20m,dualpol_consensus,57,0.021875000000000533,-0.0007639358108104899,0.052137419871794585,False
matched_pair_depth,harmonized_20m,dualpol_consensus,58,0.021875000000000533,-0.0007639358108104899,0.052137419871794585,False
matched_pair_depth,harmonized_20m,dualpol_consensus,59,0.021875000000000533,-0.0007639358108104899,0.052137419871794585,False
matched_pair_depth,harmonized_20m,dualpol_consensus,60,0.021875000000000533,-0.0007639358108104899,0.052137419871794585,False
matched_pair_depth,matched_10m,copol,1,0.125,-0.0625,0.2916666666666667,False
matched_pair_depth,matched_10m,copol,2,0.25,0.0625,0.375,True
matched_pair_depth,matched_10m,copol,3,0.14583333333333334,-0.0625,0.3333333333333333,False
matched_pair_depth,matched_10m,copol,4,0.0,-0.12500000000000006,0.14583333333333331,False
matched_pair_depth,matched_10m,copol,5,0.0,-0.14583333333333331,0.12500000000000006,False
matched_pair_depth,matched_10m,copol,6,0.02083333333333326,-0.16666666666666663,0.1875,False
matched_pair_depth,matched_10m,copol,7,-0.0625,-0.2713541666666665,0.12384259259259256,False
matched_pair_depth,matched_10m,copol,8,-0.02083333333333326,-0.16666666666666674,0.08295007861635222,False
matched_pair_depth,matched_10m,copol,9,-0.04166666666666674,-0.1875,0.05088141025641013,False
matched_pair_depth,matched_10m,copol,10,-0.05678104575163412,-0.125,-0.007861635220125724,False
matched_pair_depth,matched_10m,copol,11,-0.07761437908496749,-0.10051960784313722,-0.0538522012578615,False
matched_pair_depth,matched_10m,copol,12,-0.07761437908496749,-0.10051960784313722,-0.0538522012578615,False
matched_pair_depth,matched_10m,copol,13,-0.07761437908496749,-0.10051960784313722,-0.0538522012578615,False
matched_pair_depth,matched_10m,copol,14,-0.07761437908496749,-0.10051960784313722,-0.0538522012578615,False
matched_pair_depth,matched_10m,copol,15,-0.07761437908496749,-0.10051960784313722,-0.0538522012578615,False
matched_pair_depth,matched_10m,copol,16,-0.07761437908496749,-0.10051960784313722,-0.0538522012578615,False
matched_pair_depth,matched_10m,copol,17,-0.07761437908496749,-0.10051960784313722,-0.0538522012578615,False
matched_pair_depth,matched_10m,copol,18,-0.07761437908496749,-0.10051960784313722,-0.0538522012578615,False
matched_pair_depth,matched_10m,copol,19,-0.07761437908496749,-0.10051960784313722,-0.0538522012578615,False
matched_pair_depth,matched_10m,copol,20,-0.07761437908496749,-0.10051960784313722,-0.0538522012578615,False
matched_pair_depth,matched_10m,copol,21,-0.07761437908496749,-0.10051960784313722,-0.0538522012578615,False
matched_pair_depth,matched_10m,copol,22,-0.07761437908496749,-0.10051960784313722,-0.0538522012578615,False
matched_pair_depth,matched_10m,copol,23,-0.07761437908496749,-0.10051960784313722,-0.0538522012578615,False
matched_pair_depth,matched_10m,copol,24,-0.07761437908496749,-0.10051960784313722,-0.0538522012578615,False
matched_pair_depth,matched_10m,copol,25,-0.07761437908496749,-0.10051960784313722,-0.0538522012578615,False
matched_pair_depth,matched_10m,copol,26,-0.07761437908496749,-0.10051960784313722,-0.0538522012578615,False
matched_pair_depth,matched_10m,copol,27,-0.07761437908496749,-0.10051960784313722,-0.0538522012578615,False
matched_pair_depth,matched_10m,copol,28,-0.07761437908496749,-0.10051960784313722,-0.0538522012578615,False
matched_pair_depth,matched_10m,copol,29,-0.07761437908496749,-0.10051960784313722,-0.0538522012578615,False
matched_pair_depth,matched_10m,copol,30,-0.07761437908496749,-0.10051960784313722,-0.0538522012578615,False
matched_pair_depth,matched_10m,copol,31,-0.07761437908496749,-0.10051960784313722,-0.0538522012578615,False
matched_pair_depth,matched_10m,copol,32,-0.07761437908496749,-0.10051960784313722,-0.0538522012578615,False
matched_pair_depth,matched_10m,copol,33,-0.07761437908496749,-0.10051960784313722,-0.0538522012578615,False
matched_pair_depth,matched_10m,copol,34,-0.07761437908496749,-0.10051960784313722,-0.0538522012578615,False
matched_pair_depth,matched_10m,copol,35,-0.07761437908496749,-0.10051960784313722,-0.0538522012578615,False
matched_pair_depth,matched_10m,copol,36,-0.07761437908496749,-0.10051960784313722,-0.0538522012578615,False
matched_pair_depth,matched_10m,copol,37,-0.07761437908496749,-0.10051960784313722,-0.0538522012578615,False
matched_pair_depth,matched_10m,copol,38,-0.07761437908496749,-0.10051960784313722,-0.0538522012578615,False
matched_pair_depth,matched_10m,copol,39,-0.07761437908496749,-0.10051960784313722,-0.0538522012578615,False
matched_pair_depth,matched_10m,copol,40,-0.07761437908496749,-0.10051960784313722,-0.0538522012578615,False
matched_pair_depth,matched_10m,copol,41,-0.07761437908496749,-0.10051960784313722,-0.0538522012578615,False
matched_pair_depth,matched_10m,copol,42,-0.07761437908496749,-0.10051960784313722,-0.0538522012578615,False
matched_pair_depth,matched_10m,copol,43,-0.07761437908496749,-0.10051960784313722,-0.0538522012578615,False
matched_pair_depth,matched_10m,copol,44,-0.07761437908496749,-0.10051960784313722,-0.0538522012578615,False
matched_pair_depth,matched_10m,copol,45,-0.07761437908496749,-0.10051960784313722,-0.0538522012578615,False
matched_pair_depth,matched_10m,copol,46,-0.07761437908496749,-0.10051960784313722,-0.0538522012578615,False
matched_pair_depth,matched_10m,copol,47,-0.07761437908496749,-0.10051960784313722,-0.0538522012578615,False
matched_pair_depth,matched_10m,copol,48,-0.07761437908496749,-0.10051960784313722,-0.0538522012578615,False
matched_pair_depth,matched_10m,copol,49,-0.07761437908496749,-0.10051960784313722,-0.0538522012578615,False
matched_pair_depth,matched_10m,copol,50,-0.07761437908496749,-0.10051960784313722,-0.0538522012578615,False
matched_pair_depth,matched_10m,copol,51,-0.07761437908496749,-0.10051960784313722,-0.0538522012578615,False
matched_pair_depth,matched_10m,copol,52,-0.07761437908496749,-0.10051960784313722,-0.0538522012578615,False
matched_pair_depth,matched_10m,copol,53,-0.07761437908496749,-0.10051960784313722,-0.0538522012578615,False
matched_pair_depth,matched_10m,copol,54,-0.07761437908496749,-0.10051960784313722,-0.0538522012578615,False
matched_pair_depth,matched_10m,copol,55,-0.07761437908496749,-0.10051960784313722,-0.0538522012578615,False
matched_pair_depth,matched_10m,copol,56,-0.07761437908496749,-0.10051960784313722,-0.0538522012578615,False
matched_pair_depth,matched_10m,copol,57,-0.07761437908496749,-0.10051960784313722,-0.0538522012578615,False
matched_pair_depth,matched_10m,copol,58,-0.07761437908496749,-0.10051960784313722,-0.0538522012578615,False
matched_pair_depth,matched_10m,copol,59,-0.07761437908496749,-0.10051960784313722,-0.0538522012578615,False
matched_pair_depth,matched_10m,copol,60,-0.07761437908496749,-0.10051960784313722,-0.0538522012578615,False
matched_pair_depth,matched_10m,dualpol_consensus,1,0.041666666666666664,0.0,0.125,False
matched_pair_depth,matched_10m,dualpol_consensus,2,0.14583333333333334,0.041666666666666664,0.2708333333333333,True
matched_pair_depth,matched_10m,dualpol_consensus,3,0.25,0.10416666666666667,0.3958333333333333,True
matched_pair_depth,matched_10m,dualpol_consensus,4,0.3125,0.16666666666666666,0.4375,True
matched_pair_depth,matched_10m,dualpol_consensus,5,0.3125,0.14583333333333331,0.4791666666666667,True
matched_pair_depth,matched_10m,dualpol_consensus,6,0.2708333333333333,0.12499999999999994,0.43750000000000006,True
matched_pair_depth,matched_10m,dualpol_consensus,7,0.14583333333333326,0.0,0.3333333333333333,False
matched_pair_depth,matched_10m,dualpol_consensus,8,0.25,0.125,0.375,True
matched_pair_depth,matched_10m,dualpol_consensus,9,0.09174679487179449,-0.02083333333333326,0.17138364779874227,False
matched_pair_depth,matched_10m,dualpol_consensus,10,0.02924679487179449,-0.08006693061840103,0.14904003267973845,False
matched_pair_depth,matched_10m,dualpol_consensus,11,-0.03325320512820551,-0.09875061274509826,0.051692708333333164,False
matched_pair_depth,matched_10m,dualpol_consensus,12,-0.07491987179487214,-0.1084905660377359,-0.02604166666666663,False
matched_pair_depth,matched_10m,dualpol_consensus,13,-0.08360042735042772,-0.11683019783188425,-0.0518279096494366,False
matched_pair_depth,matched_10m,dualpol_consensus,14,-0.08360042735042772,-0.11683019783188425,-0.0518279096494366,False
matched_pair_depth,matched_10m,dualpol_consensus,15,-0.08360042735042772,-0.11683019783188425,-0.0518279096494366,False
matched_pair_depth,matched_10m,dualpol_consensus,16,-0.08360042735042772,-0.11683019783188425,-0.0518279096494366,False
matched_pair_depth,matched_10m,dualpol_consensus,17,-0.08360042735042772,-0.11683019783188425,-0.0518279096494366,False
matched_pair_depth,matched_10m,dualpol_consensus,18,-0.08360042735042772,-0.11683019783188425,-0.0518279096494366,False
matched_pair_depth,matched_10m,dualpol_consensus,19,-0.08360042735042772,-0.11683019783188425,-0.0518279096494366,False
matched_pair_depth,matched_10m,dualpol_consensus,20,-0.08360042735042772,-0.11683019783188425,-0.0518279096494366,False
matched_pair_depth,matched_10m,dualpol_consensus,21,-0.08360042735042772,-0.11683019783188425,-0.0518279096494366,False
matched_pair_depth,matched_10m,dualpol_consensus,22,-0.08360042735042772,-0.11683019783188425,-0.0518279096494366,False
matched_pair_depth,matched_10m,dualpol_consensus,23,-0.08360042735042772,-0.11683019783188425,-0.0518279096494366,False
matched_pair_depth,matched_10m,dualpol_consensus,24,-0.08360042735042772,-0.11683019783188425,-0.0518279096494366,False
matched_pair_depth,matched_10m,dualpol_consensus,25,-0.08360042735042772,-0.11683019783188425,-0.0518279096494366,False
matched_pair_depth,matched_10m,dualpol_consensus,26,-0.08360042735042772,-0.11683019783188425,-0.0518279096494366,False
matched_pair_depth,matched_10m,dualpol_consensus,27,-0.08360042735042772,-0.11683019783188425,-0.0518279096494366,False
matched_pair_depth,matched_10m,dualpol_consensus,28,-0.08360042735042772,-0.11683019783188425,-0.0518279096494366,False
matched_pair_depth,matched_10m,dualpol_consensus,29,-0.08360042735042772,-0.11683019783188425,-0.0518279096494366,False
matched_pair_depth,matched_10m,dualpol_consensus,30,-0.08360042735042772,-0.11683019783188425,-0.0518279096494366,False
matched_pair_depth,matched_10m,dualpol_consensus,31,-0.08360042735042772,-0.11683019783188425,-0.0518279096494366,False
matched_pair_depth,matched_10m,dualpol_consensus,32,-0.08360042735042772,-0.11683019783188425,-0.0518279096494366,False
matched_pair_depth,matched_10m,dualpol_consensus,33,-0.08360042735042772,-0.11683019783188425,-0.0518279096494366,False
matched_pair_depth,matched_10m,dualpol_consensus,34,-0.08360042735042772,-0.11683019783188425,-0.0518279096494366,False
matched_pair_depth,matched_10m,dualpol_consensus,35,-0.08360042735042772,-0.11683019783188425,-0.0518279096494366,False
matched_pair_depth,matched_10m,dualpol_consensus,36,-0.08360042735042772,-0.11683019783188425,-0.0518279096494366,False
matched_pair_depth,matched_10m,dualpol_consensus,37,-0.08360042735042772,-0.11683019783188425,-0.0518279096494366,False
matched_pair_depth,matched_10m,dualpol_consensus,38,-0.08360042735042772,-0.11683019783188425,-0.0518279096494366,False
matched_pair_depth,matched_10m,dualpol_consensus,39,-0.08360042735042772,-0.11683019783188425,-0.0518279096494366,False
matched_pair_depth,matched_10m,dualpol_consensus,40,-0.08360042735042772,-0.11683019783188425,-0.0518279096494366,False
matched_pair_depth,matched_10m,dualpol_consensus,41,-0.08360042735042772,-0.11683019783188425,-0.0518279096494366,False
matched_pair_depth,matched_10m,dualpol_consensus,42,-0.08360042735042772,-0.11683019783188425,-0.0518279096494366,False
matched_pair_depth,matched_10m,dualpol_consensus,43,-0.08360042735042772,-0.11683019783188425,-0.0518279096494366,False
matched_pair_depth,matched_10m,dualpol_consensus,44,-0.08360042735042772,-0.11683019783188425,-0.0518279096494366,False
matched_pair_depth,matched_10m,dualpol_consensus,45,-0.08360042735042772,-0.11683019783188425,-0.0518279096494366,False
matched_pair_depth,matched_10m,dualpol_consensus,46,-0.08360042735042772,-0.11683019783188425,-0.0518279096494366,False
matched_pair_depth,matched_10m,dualpol_consensus,47,-0.08360042735042772,-0.11683019783188425,-0.0518279096494366,False
matched_pair_depth,matched_10m,dualpol_consensus,48,-0.08360042735042772,-0.11683019783188425,-0.0518279096494366,False
matched_pair_depth,matched_10m,dualpol_consensus,49,-0.08360042735042772,-0.11683019783188425,-0.0518279096494366,False
matched_pair_depth,matched_10m,dualpol_consensus,50,-0.08360042735042772,-0.11683019783188425,-0.0518279096494366,False
matched_pair_depth,matched_10m,dualpol_consensus,51,-0.08360042735042772,-0.11683019783188425,-0.0518279096494366,False
matched_pair_depth,matched_10m,dualpol_consensus,52,-0.08360042735042772,-0.11683019783188425,-0.0518279096494366,False
matched_pair_depth,matched_10m,dualpol_consensus,53,-0.08360042735042772,-0.11683019783188425,-0.0518279096494366,False
matched_pair_depth,matched_10m,dualpol_consensus,54,-0.08360042735042772,-0.11683019783188425,-0.0518279096494366,False
matched_pair_depth,matched_10m,dualpol_consensus,55,-0.08360042735042772,-0.11683019783188425,-0.0518279096494366,False
matched_pair_depth,matched_10m,dualpol_consensus,56,-0.08360042735042772,-0.11683019783188425,-0.0518279096494366,False
matched_pair_depth,matched_10m,dualpol_consensus,57,-0.08360042735042772,-0.11683019783188425,-0.0518279096494366,False
matched_pair_depth,matched_10m,dualpol_consensus,58,-0.08360042735042772,-0.11683019783188425,-0.0518279096494366,False
matched_pair_depth,matched_10m,dualpol_consensus,59,-0.08360042735042772,-0.11683019783188425,-0.0518279096494366,False
matched_pair_depth,matched_10m,dualpol_consensus,60,-0.08360042735042772,-0.11683019783188425,-0.0518279096494366,False
