sensor,regime,detector,magnitude_m,trials,pairs,probability,isotonic_probability,ci95_lower,ci95_upper
NISAR_L,harmonized_20m,copol,1,120,15,0.1,0.1,0.041666666666666664,0.15833333333333333
NISAR_L,harmonized_20m,copol,2,120,15,0.125,0.125,0.058333333333333334,0.2
NISAR_L,harmonized_20m,copol,3,120,15,0.14166666666666666,0.14166666666666666,0.075,0.21666666666666667
NISAR_L,harmonized_20m,copol,4,120,15,0.175,0.175,0.1,0.25
NISAR_L,harmonized_20m,copol,5,120,15,0.225,0.225,0.14166666666666666,0.3
NISAR_L,harmonized_20m,copol,6,120,15,0.275,0.275,0.20833333333333334,0.3333333333333333
NISAR_L,harmonized_20m,copol,7,120,15,0.31666666666666665,0.31666666666666665,0.25833333333333336,0.35833333333333334
NISAR_L,harmonized_20m,copol,8,120,15,0.35,0.35,0.2833333333333333,0.4
NISAR_L,harmonized_20m,copol,9,120,15,0.375,0.375,0.3,0.44166666666666665
NISAR_L,harmonized_20m,copol,10,120,15,0.4083333333333333,0.4083333333333333,0.3333333333333333,0.475
NISAR_L,harmonized_20m,copol,11,120,15,0.5,0.5,0.45,0.55
NISAR_L,harmonized_20m,copol,12,120,15,0.5333333333333333,0.5333333333333333,0.4666666666666667,0.6083333333333333
NISAR_L,harmonized_20m,copol,13,120,15,0.5583333333333333,0.5583333333333333,0.475,0.6583333333333333
NISAR_L,harmonized_20m,copol,14,120,15,0.5916666666666667,0.5916666666666667,0.49166666666666664,0.7083333333333334
NISAR_L,harmonized_20m,copol,15,120,15,0.65,0.65,0.55,0.7583333333333333
NISAR_L,harmonized_20m,copol,16,120,15,0.7083333333333334,0.7083333333333334,0.6083333333333333,0.8083333333333333
NISAR_L,harmonized_20m,copol,17,120,15,0.75,0.75,0.6416666666666667,0.8583333333333333
NISAR_L,harmonized_20m,copol,18,120,15,0.7833333333333333,0.7833333333333333,0.6833333333333333,0.8833333333333333
NISAR_L,harmonized_20m,copol,19,120,15,0.7916666666666666,0.7916666666666666,0.6916666666666667,0.8916666666666667
NISAR_L,harmonized_20m,copol,20,120,15,0.8166666666666667,0.8166666666666667,0.7166666666666667,0.9166666666666666
NISAR_L,harmonized_20m,copol,21,120,15,0.8583333333333333,0.8583333333333333,0.7583333333333333,0.9416666666666667
NISAR_L,harmonized_20m,copol,22,120,15,0.875,0.875,0.7916666666666666,0.95
NISAR_L,harmonized_20m,copol,23,120,15,0.925,0.925,0.8666666666666667,0.975
NISAR_L,harmonized_20m,copol,24,120,15,0.9416666666666667,0.9416666666666667,0.8833333333333333,0.9875
NISAR_L,harmonized_20m,copol,25,120,15,0.975,0.975,0.9375,1.0
NISAR_L,harmonized_20m,copol,26,120,15,0.9833333333333333,0.9833333333333333,0.95,1.0
NISAR_L,harmonized_20m,copol,27,120,15,0.9833333333333333,0.9833333333333333,0.95,1.0
NISAR_L,harmonized_20m,copol,28,120,15,0.9916666666666667,0.9916666666666667,0.975,1.0
NISAR_L,harmonized_20m,copol,29,120,15,0.9916666666666667,0.9916666666666667,0.975,1.0
NISAR_L,harmonized_20m,copol,30,120,15,0.9916666666666667,0.9916666666666667,0.975,1.0
NISAR_L,harmonized_20m,copol,31,120,15,0.9916666666666667,0.9916666666666667,0.975,1.0
NISAR_L,harmonized_20m,copol,32,120,15,1.0,0.9997126436781609,0.9991379310344828,1.0
NISAR_L,harmonized_20m,copol,33,120,15,1.0,0.9997126436781609,0.9991379310344828,1.0
NISAR_L,harmonized_20m,copol,34,120,15,1.0,0.9997126436781609,0.9991379310344828,1.0
NISAR_L,harmonized_20m,copol,35,120,15,1.0,0.9997126436781609,0.9991379310344828,1.0
NISAR_L,harmonized_20m,copol,36,120,15,1.0,0.9997126436781609,0.9991379310344828,1.0
NISAR_L,harmonized_20m,copol,37,120,15,1.0,0.9997126436781609,0.9991379310344828,1.0
NISAR_L,harmonized_20m,copol,38,120,15,1.0,0.9997126436781609,0.9991379310344828,1.0
NISAR_L,harmonized_20m,copol,39,120,15,1.0,0.9997126436781609,0.9991379310344828,1.0
NISAR_L,harmonized_20m,copol,40,120,15,1.0,0.9997126436781609,0.9991379310344828,1.0
NISAR_L,harmonized_20m,copol,41,120,15,1.0,0.9997126436781609,0.9991379310344828,1.0
NISAR_L,harmonized_20m,copol,42,120,15,1.0,0.9997126436781609,0.9991379310344828,1.0
NISAR_L,harmonized_20m,copol,43,120,15,1.0,0.9997126436781609,0.9991379310344828,1.0
NISAR_L,harmonized_20m,copol,44,120,15,1.0,0.9997126436781609,0.9991379310344828,1.0
NISAR_L,harmonized_20m,copol,45,120,15,1.0,0.9997126436781609,0.9991379310344828,1.0
NISAR_L,harmonized_20m,copol,46,120,15,1.0,0.9997126436781609,0.9991379310344828,1.0
NISAR_L,harmonized_20m,copol,47,120,15,1.0,0.9997126436781609,0.9991379310344828,1.0
NISAR_L,harmonized_20m,copol,48,120,15,1.0,0.9997126436781609,0.9991379310344828,1.0
NISAR_L,harmonized_20m,copol,49,120,15,1.0,0.9997126436781609,0.9991379310344828,1.0
NISAR_L,harmonized_20m,copol,50,120,15,1.0,0.9997126436781609,0.9991379310344828,1.0
NISAR_L,harmonized_20m,copol,51,120,15,1.0,0.9997126436781609,0.9991379310344828,1.0
NISAR_L,harmonized_20m,copol,52,120,15,1.0,0.9997126436781609,0.9991379310344828,1.0
NISAR_L,harmonized_20m,copol,53,120,15,1.0,0.9997126436781609,0.9991379310344828,1.0
NISAR_L,harmonized_20m,copol,54,120,15,1.0,0.9997126436781609,0.9991379310344828,1.0
NISAR_L,harmonized_20m,copol,55,120,15,1.0,0.9997126436781609,0.9991379310344828,1.0
NISAR_L,harmonized_20m,copol,56,120,15,1.0,0.9997126436781609,0.9991379310344828,1.0
NISAR_L,harmonized_20m,copol,57,120,15,1.0,0.9997126436781609,0.9991379310344828,1.0
NISAR_L,harmonized_20m,copol,58,120,15,1.0,0.9997126436781609,0.9991379310344828,1.0
NISAR_L,harmonized_20m,copol,59,120,15,1.0,0.9997126436781609,0.9991379310344828,1.0
NISAR_L,harmonized_20m,copol,60,120,15,0.9916666666666667,0.9997126436781609,0.9991379310344828,1.0
NISAR_L,harmonized_20m,dualpol_consensus,1,120,15,0.016666666666666666,0.016666666666666666,0.0,0.05
NISAR_L,harmonized_20m,dualpol_consensus,2,120,15,0.016666666666666666,0.016666666666666666,0.0,0.05
NISAR_L,harmonized_20m,dualpol_consensus,3,120,15,0.041666666666666664,0.041666666666666664,0.0,0.09166666666666666
NISAR_L,harmonized_20m,dualpol_consensus,4,120,15,0.05,0.05,0.014427083333333387,0.1
NISAR_L,harmonized_20m,dualpol_consensus,5,120,15,0.1,0.1,0.03333333333333333,0.175
NISAR_L,harmonized_20m,dualpol_consensus,6,120,15,0.13333333333333333,0.13333333333333333,0.05,0.21666666666666667
NISAR_L,harmonized_20m,dualpol_consensus,7,120,15,0.15,0.15,0.075,0.23333333333333334
NISAR_L,harmonized_20m,dualpol_consensus,8,120,15,0.175,0.175,0.09166666666666666,0.25833333333333336
NISAR_L,harmonized_20m,dualpol_consensus,9,120,15,0.20833333333333334,0.20833333333333334,0.125,0.2916666666666667
NISAR_L,harmonized_20m,dualpol_consensus,10,120,15,0.23333333333333334,0.23333333333333334,0.14166666666666666,0.3333333333333333
NISAR_L,harmonized_20m,dualpol_consensus,11,120,15,0.3333333333333333,0.3333333333333333,0.23333333333333334,0.425
NISAR_L,harmonized_20m,dualpol_consensus,12,120,15,0.4,0.4,0.2916666666666667,0.5
NISAR_L,harmonized_20m,dualpol_consensus,13,120,15,0.4583333333333333,0.4583333333333333,0.3416666666666667,0.5666666666666667
NISAR_L,harmonized_20m,dualpol_consensus,14,120,15,0.5,0.5,0.375,0.625
NISAR_L,harmonized_20m,dualpol_consensus,15,120,15,0.5333333333333333,0.5333333333333333,0.4166666666666667,0.6416666666666667
NISAR_L,harmonized_20m,dualpol_consensus,16,120,15,0.6,0.6,0.475,0.725
NISAR_L,harmonized_20m,dualpol_consensus,17,120,15,0.6416666666666667,0.6416666666666667,0.5083333333333333,0.7666666666666667
NISAR_L,harmonized_20m,dualpol_consensus,18,120,15,0.7083333333333334,0.7083333333333334,0.5916666666666667,0.8166666666666667
NISAR_L,harmonized_20m,dualpol_consensus,19,120,15,0.7416666666666667,0.7416666666666667,0.625,0.85
NISAR_L,harmonized_20m,dualpol_consensus,20,120,15,0.775,0.775,0.65,0.8916666666666667
NISAR_L,harmonized_20m,dualpol_consensus,21,120,15,0.85,0.85,0.7166666666666667,0.9458333333333333
NISAR_L,harmonized_20m,dualpol_consensus,22,120,15,0.8583333333333333,0.8583333333333333,0.7416666666666667,0.9458333333333333
NISAR_L,harmonized_20m,dualpol_consensus,23,120,15,0.8666666666666667,0.8666666666666667,0.75,0.9583333333333334
NISAR_L,harmonized_20m,dualpol_consensus,24,120,15,0.8916666666666667,0.8916666666666667,0.775,0.975
NISAR_L,harmonized_20m,dualpol_consensus,25,120,15,0.9083333333333333,0.9083333333333333,0.7916666666666666,0.9916666666666667
NISAR_L,harmonized_20m,dualpol_consensus,26,120,15,0.925,0.925,0.8083333333333333,0.9916666666666667
NISAR_L,harmonized_20m,dualpol_consensus,27,120,15,0.95,0.95,0.8583333333333333,0.9954545454545457
NISAR_L,harmonized_20m,dualpol_consensus,28,120,15,0.975,0.9708333333333333,0.9208333333333334,0.9954545454545457
NISAR_L,harmonized_20m,dualpol_consensus,29,120,15,0.9666666666666667,0.9708333333333333,0.9208333333333334,0.9954545454545457
NISAR_L,harmonized_20m,dualpol_consensus,30,120,15,0.975,0.9708333333333333,0.9333333333333333,0.9954545454545457
NISAR_L,harmonized_20m,dualpol_consensus,31,120,15,0.9666666666666667,0.9708333333333333,0.9333333333333333,0.9954545454545457
NISAR_L,harmonized_20m,dualpol_consensus,32,120,15,0.975,0.975,0.95,0.9954545454545457
NISAR_L,harmonized_20m,dualpol_consensus,33,120,15,0.975,0.975,0.95,0.9954545454545457
NISAR_L,harmonized_20m,dualpol_consensus,34,120,15,0.9833333333333333,0.9833333333333333,0.96,0.9981481481481482
NISAR_L,harmonized_20m,dualpol_consensus,35,120,15,0.9833333333333333,0.9833333333333333,0.96,0.9981481481481482
NISAR_L,harmonized_20m,dualpol_consensus,36,120,15,0.9833333333333333,0.9833333333333333,0.96,0.9981481481481482
NISAR_L,harmonized_20m,dualpol_consensus,37,120,15,1.0,0.9961805555555555,0.9910493827160493,1.0
NISAR_L,harmonized_20m,dualpol_consensus,38,120,15,1.0,0.9961805555555555,0.9910493827160493,1.0
NISAR_L,harmonized_20m,dualpol_consensus,39,120,15,1.0,0.9961805555555555,0.9910493827160493,1.0
NISAR_L,harmonized_20m,dualpol_consensus,40,120,15,1.0,0.9961805555555555,0.9910493827160493,1.0
NISAR_L,harmonized_20m,dualpol_consensus,41,120,15,1.0,0.9961805555555555,0.9910493827160493,1.0
NISAR_L,harmonized_20m,dualpol_consensus,42,120,15,1.0,0.9961805555555555,0.9910493827160493,1.0
NISAR_L,harmonized_20m,dualpol_consensus,43,120,15,1.0,0.9961805555555555,0.9910493827160493,1.0
NISAR_L,harmonized_20m,dualpol_consensus,44,120,15,1.0,0.9961805555555555,0.9910493827160493,1.0
NISAR_L,harmonized_20m,dualpol_consensus,45,120,15,1.0,0.9961805555555555,0.9910493827160493,1.0
NISAR_L,harmonized_20m,dualpol_consensus,46,120,15,1.0,0.9961805555555555,0.9910493827160493,1.0
NISAR_L,harmonized_20m,dualpol_consensus,47,120,15,1.0,0.9961805555555555,0.9910493827160493,1.0
NISAR_L,harmonized_20m,dualpol_consensus,48,120,15,1.0,0.9961805555555555,0.9910493827160493,1.0
NISAR_L,harmonized_20m,dualpol_consensus,49,120,15,1.0,0.9961805555555555,0.9910493827160493,1.0
NISAR_L,harmonized_20m,dualpol_consensus,50,120,15,1.0,0.9961805555555555,0.9910493827160493,1.0
NISAR_L,harmonized_20m,dualpol_consensus,51,120,15,1.0,0.9961805555555555,0.9910493827160493,1.0
NISAR_L,harmonized_20m,dualpol_consensus,52,120,15,1.0,0.9961805555555555,0.9910493827160493,1.0
NISAR_L,harmonized_20m,dualpol_consensus,53,120,15,1.0,0.9961805555555555,0.9910493827160493,1.0
NISAR_L,harmonized_20m,dualpol_consensus,54,120,15,1.0,0.9961805555555555,0.9910493827160493,1.0
NISAR_L,harmonized_20m,dualpol_consensus,55,120,15,0.9916666666666667,0.9961805555555555,0.9910493827160493,1.0
NISAR_L,harmonized_20m,dualpol_consensus,56,120,15,0.9833333333333333,0.9961805555555555,0.9910493827160493,1.0
NISAR_L,harmonized_20m,dualpol_consensus,57,120,15,0.9833333333333333,0.9961805555555555,0.9910493827160493,1.0
NISAR_L,harmonized_20m,dualpol_consensus,58,120,15,0.9833333333333333,0.9961805555555555,0.9910493827160493,1.0
NISAR_L,harmonized_20m,dualpol_consensus,59,120,15,0.9833333333333333,0.9961805555555555,0.9910493827160493,1.0
NISAR_L,harmonized_20m,dualpol_consensus,60,120,15,0.9833333333333333,0.9961805555555555,0.9910493827160493,1.0
NISAR_L,matched_10m,copol,1,48,6,0.1875,0.1875,0.0625,0.3125
NISAR_L,matched_10m,copol,2,48,6,0.3125,0.3125,0.1875,0.375
NISAR_L,matched_10m,copol,3,48,6,0.375,0.375,0.20833333333333334,0.4791666666666667
NISAR_L,matched_10m,copol,4,48,6,0.4791666666666667,0.4791666666666667,0.3958333333333333,0.5625
NISAR_L,matched_10m,copol,5,48,6,0.5625,0.5625,0.4583333333333333,0.6666666666666666
NISAR_L,matched_10m,copol,6,48,6,0.7291666666666666,0.7291666666666666,0.5625,0.875
NISAR_L,matched_10m,copol,7,48,6,0.7916666666666666,0.7916666666666666,0.6041666666666666,0.9375
NISAR_L,matched_10m,copol,8,48,6,0.8958333333333334,0.8958333333333334,0.7708333333333334,0.9461477987421385
NISAR_L,matched_10m,copol,9,48,6,0.9166666666666666,0.9166666666666666,0.7916666666666666,0.9461477987421385
NISAR_L,matched_10m,copol,10,48,6,0.9583333333333334,0.9223856209150327,0.875,0.9461477987421385
NISAR_L,matched_10m,copol,11,48,6,1.0,0.9223856209150327,0.899480392156863,0.9461477987421385
NISAR_L,matched_10m,copol,12,48,6,1.0,0.9223856209150327,0.899480392156863,0.9461477987421385
NISAR_L,matched_10m,copol,13,48,6,1.0,0.9223856209150327,0.899480392156863,0.9461477987421385
NISAR_L,matched_10m,copol,14,48,6,1.0,0.9223856209150327,0.899480392156863,0.9461477987421385
NISAR_L,matched_10m,copol,15,48,6,1.0,0.9223856209150327,0.899480392156863,0.9461477987421385
NISAR_L,matched_10m,copol,16,48,6,1.0,0.9223856209150327,0.899480392156863,0.9461477987421385
NISAR_L,matched_10m,copol,17,48,6,1.0,0.9223856209150327,0.899480392156863,0.9461477987421385
NISAR_L,matched_10m,copol,18,48,6,1.0,0.9223856209150327,0.899480392156863,0.9461477987421385
NISAR_L,matched_10m,copol,19,48,6,1.0,0.9223856209150327,0.899480392156863,0.9461477987421385
NISAR_L,matched_10m,copol,20,48,6,1.0,0.9223856209150327,0.899480392156863,0.9461477987421385
NISAR_L,matched_10m,copol,21,48,6,1.0,0.9223856209150327,0.899480392156863,0.9461477987421385
NISAR_L,matched_10m,copol,22,48,6,1.0,0.9223856209150327,0.899480392156863,0.9461477987421385
NISAR_L,matched_10m,copol,23,48,6,1.0,0.9223856209150327,0.899480392156863,0.9461477987421385
NISAR_L,matched_10m,copol,24,48,6,1.0,0.9223856209150327,0.899480392156863,0.9461477987421385
NISAR_L,matched_10m,copol,25,48,6,1.0,0.9223856209150327,0.899480392156863,0.9461477987421385
NISAR_L,matched_10m,copol,26,48,6,1.0,0.9223856209150327,0.899480392156863,0.9461477987421385
NISAR_L,matched_10m,copol,27,48,6,1.0,0.9223856209150327,0.899480392156863,0.9461477987421385
NISAR_L,matched_10m,copol,28,48,6,1.0,0.9223856209150327,0.899480392156863,0.9461477987421385
NISAR_L,matched_10m,copol,29,48,6,1.0,0.9223856209150327,0.899480392156863,0.9461477987421385
NISAR_L,matched_10m,copol,30,48,6,1.0,0.9223856209150327,0.899480392156863,0.9461477987421385
NISAR_L,matched_10m,copol,31,48,6,1.0,0.9223856209150327,0.899480392156863,0.9461477987421385
NISAR_L,matched_10m,copol,32,48,6,1.0,0.9223856209150327,0.899480392156863,0.9461477987421385
NISAR_L,matched_10m,copol,33,48,6,1.0,0.9223856209150327,0.899480392156863,0.9461477987421385
NISAR_L,matched_10m,copol,34,48,6,1.0,0.9223856209150327,0.899480392156863,0.9461477987421385
NISAR_L,matched_10m,copol,35,48,6,1.0,0.9223856209150327,0.899480392156863,0.9461477987421385
NISAR_L,matched_10m,copol,36,48,6,1.0,0.9223856209150327,0.899480392156863,0.9461477987421385
NISAR_L,matched_10m,copol,37,48,6,1.0,0.9223856209150327,0.899480392156863,0.9461477987421385
NISAR_L,matched_10m,copol,38,48,6,1.0,0.9223856209150327,0.899480392156863,0.9461477987421385
NISAR_L,matched_10m,copol,39,48,6,1.0,0.9223856209150327,0.899480392156863,0.9461477987421385
NISAR_L,matched_10m,copol,40,48,6,1.0,0.9223856209150327,0.899480392156863,0.9461477987421385
NISAR_L,matched_10m,copol,41,48,6,1.0,0.9223856209150327,0.899480392156863,0.9461477987421385
NISAR_L,matched_10m,copol,42,48,6,1.0,0.9223856209150327,0.899480392156863,0.9461477987421385
NISAR_L,matched_10m,copol,43,48,6,0.9791666666666666,0.9223856209150327,0.899480392156863,0.9461477987421385
NISAR_L,matched_10m,copol,44,48,6,0.9791666666666666,0.9223856209150327,0.899480392156863,0.9461477987421385
NISAR_L,matched_10m,copol,45,48,6,0.9791666666666666,0.9223856209150327,0.899480392156863,0.9461477987421385
NISAR_L,matched_10m,copol,46,48,6,0.9791666666666666,0.9223856209150327,0.899480392156863,0.9461477987421385
NISAR_L,matched_10m,copol,47,48,6,0.9583333333333334,0.9223856209150327,0.899480392156863,0.9461477987421385
NISAR_L,matched_10m,copol,48,48,6,0.9583333333333334,0.9223856209150327,0.899480392156863,0.9461477987421385
NISAR_L,matched_10m,copol,49,48,6,0.8958333333333334,0.9223856209150327,0.899480392156863,0.9461477987421385
NISAR_L,matched_10m,copol,50,48,6,0.875,0.9223856209150327,0.899480392156863,0.9461477987421385
NISAR_L,matched_10m,copol,51,48,6,0.8541666666666666,0.9223856209150327,0.899480392156863,0.9461477987421385
NISAR_L,matched_10m,copol,52,48,6,0.7916666666666666,0.9223856209150327,0.899480392156863,0.9461477987421385
NISAR_L,matched_10m,copol,53,48,6,0.6875,0.9223856209150327,0.899480392156863,0.9461477987421385
NISAR_L,matched_10m,copol,54,48,6,0.6875,0.9223856209150327,0.899480392156863,0.9461477987421385
NISAR_L,matched_10m,copol,55,48,6,0.6666666666666666,0.9223856209150327,0.899480392156863,0.9461477987421385
NISAR_L,matched_10m,copol,56,48,6,0.625,0.9223856209150327,0.899480392156863,0.9461477987421385
NISAR_L,matched_10m,copol,57,48,6,0.6041666666666666,0.9223856209150327,0.899480392156863,0.9461477987421385
NISAR_L,matched_10m,copol,58,48,6,0.5625,0.9223856209150327,0.899480392156863,0.9461477987421385
NISAR_L,matched_10m,copol,59,48,6,0.5416666666666666,0.9223856209150327,0.899480392156863,0.9461477987421385
NISAR_L,matched_10m,copol,60,48,6,0.4583333333333333,0.9223856209150327,0.899480392156863,0.9461477987421385
NISAR_L,matched_10m,dualpol_consensus,1,48,6,0.041666666666666664,0.041666666666666664,0.0,0.125
NISAR_L,matched_10m,dualpol_consensus,2,48,6,0.14583333333333334,0.14583333333333334,0.041666666666666664,0.2708333333333333
NISAR_L,matched_10m,dualpol_consensus,3,48,6,0.25,0.25,0.10416666666666667,0.3958333333333333
NISAR_L,matched_10m,dualpol_consensus,4,48,6,0.375,0.375,0.25,0.4791666666666667
NISAR_L,matched_10m,dualpol_consensus,5,48,6,0.4375,0.4375,0.3333333333333333,0.5208333333333334
NISAR_L,matched_10m,dualpol_consensus,6,48,6,0.625,0.625,0.5416666666666666,0.7083333333333334
NISAR_L,matched_10m,dualpol_consensus,7,48,6,0.6666666666666666,0.6666666666666666,0.5833333333333334,0.7291666666666666
NISAR_L,matched_10m,dualpol_consensus,8,48,6,0.875,0.875,0.7916666666666666,0.9166666666666666
NISAR_L,matched_10m,dualpol_consensus,9,48,6,0.9166666666666666,0.9042467948717948,0.8333333333333334,0.9326923076923079
NISAR_L,matched_10m,dualpol_consensus,10,48,6,0.9583333333333334,0.9042467948717948,0.872641509433962,0.9326923076923079
NISAR_L,matched_10m,dualpol_consensus,11,48,6,0.9791666666666666,0.9042467948717948,0.8750000000000003,0.9326923076923079
NISAR_L,matched_10m,dualpol_consensus,12,48,6,0.9791666666666666,0.9042467948717948,0.8750000000000003,0.9326923076923079
NISAR_L,matched_10m,dualpol_consensus,13,48,6,1.0,0.9042467948717948,0.8750000000000003,0.9326923076923079
NISAR_L,matched_10m,dualpol_consensus,14,48,6,1.0,0.9042467948717948,0.8750000000000003,0.9326923076923079
NISAR_L,matched_10m,dualpol_consensus,15,48,6,1.0,0.9042467948717948,0.8750000000000003,0.9326923076923079
NISAR_L,matched_10m,dualpol_consensus,16,48,6,1.0,0.9042467948717948,0.8750000000000003,0.9326923076923079
NISAR_L,matched_10m,dualpol_consensus,17,48,6,1.0,0.9042467948717948,0.8750000000000003,0.9326923076923079
NISAR_L,matched_10m,dualpol_consensus,18,48,6,1.0,0.9042467948717948,0.8750000000000003,0.9326923076923079
NISAR_L,matched_10m,dualpol_consensus,19,48,6,1.0,0.9042467948717948,0.8750000000000003,0.9326923076923079
NISAR_L,matched_10m,dualpol_consensus,20,48,6,1.0,0.9042467948717948,0.8750000000000003,0.9326923076923079
NISAR_L,matched_10m,dualpol_consensus,21,48,6,1.0,0.9042467948717948,0.8750000000000003,0.9326923076923079
NISAR_L,matched_10m,dualpol_consensus,22,48,6,1.0,0.9042467948717948,0.8750000000000003,0.9326923076923079
NISAR_L,matched_10m,dualpol_consensus,23,48,6,1.0,0.9042467948717948,0.8750000000000003,0.9326923076923079
NISAR_L,matched_10m,dualpol_consensus,24,48,6,1.0,0.9042467948717948,0.8750000000000003,0.9326923076923079
NISAR_L,matched_10m,dualpol_consensus,25,48,6,1.0,0.9042467948717948,0.8750000000000003,0.9326923076923079
NISAR_L,matched_10m,dualpol_consensus,26,48,6,1.0,0.9042467948717948,0.8750000000000003,0.9326923076923079
NISAR_L,matched_10m,dualpol_consensus,27,48,6,1.0,0.9042467948717948,0.8750000000000003,0.9326923076923079
NISAR_L,matched_10m,dualpol_consensus,28,48,6,1.0,0.9042467948717948,0.8750000000000003,0.9326923076923079
NISAR_L,matched_10m,dualpol_consensus,29,48,6,1.0,0.9042467948717948,0.8750000000000003,0.9326923076923079
NISAR_L,matched_10m,dualpol_consensus,30,48,6,1.0,0.9042467948717948,0.8750000000000003,0.9326923076923079
NISAR_L,matched_10m,dualpol_consensus,31,48,6,1.0,0.9042467948717948,0.8750000000000003,0.9326923076923079
NISAR_L,matched_10m,dualpol_consensus,32,48,6,1.0,0.9042467948717948,0.8750000000000003,0.9326923076923079
NISAR_L,matched_10m,dualpol_consensus,33,48,6,1.0,0.9042467948717948,0.8750000000000003,0.9326923076923079
NISAR_L,matched_10m,dualpol_consensus,34,48,6,1.0,0.9042467948717948,0.8750000000000003,0.9326923076923079
NISAR_L,matched_10m,dualpol_consensus,35,48,6,1.0,0.9042467948717948,0.8750000000000003,0.9326923076923079
NISAR_L,matched_10m,dualpol_consensus,36,48,6,1.0,0.9042467948717948,0.8750000000000003,0.9326923076923079
NISAR_L,matched_10m,dualpol_consensus,37,48,6,1.0,0.9042467948717948,0.8750000000000003,0.9326923076923079
NISAR_L,matched_10m,dualpol_consensus,38,48,6,1.0,0.9042467948717948,0.8750000000000003,0.9326923076923079
NISAR_L,matched_10m,dualpol_consensus,39,48,6,1.0,0.9042467948717948,0.8750000000000003,0.9326923076923079
NISAR_L,matched_10m,dualpol_consensus,40,48,6,1.0,0.9042467948717948,0.8750000000000003,0.9326923076923079
NISAR_L,matched_10m,dualpol_consensus,41,48,6,1.0,0.9042467948717948,0.8750000000000003,0.9326923076923079
NISAR_L,matched_10m,dualpol_consensus,42,48,6,0.9791666666666666,0.9042467948717948,0.8750000000000003,0.9326923076923079
NISAR_L,matched_10m,dualpol_consensus,43,48,6,0.9583333333333334,0.9042467948717948,0.8750000000000003,0.9326923076923079
NISAR_L,matched_10m,dualpol_consensus,44,48,6,0.9583333333333334,0.9042467948717948,0.8750000000000003,0.9326923076923079
NISAR_L,matched_10m,dualpol_consensus,45,48,6,0.9375,0.9042467948717948,0.8750000000000003,0.9326923076923079
NISAR_L,matched_10m,dualpol_consensus,46,48,6,0.9375,0.9042467948717948,0.8750000000000003,0.9326923076923079
NISAR_L,matched_10m,dualpol_consensus,47,48,6,0.9375,0.9042467948717948,0.8750000000000003,0.9326923076923079
NISAR_L,matched_10m,dualpol_consensus,48,48,6,0.9375,0.9042467948717948,0.8750000000000003,0.9326923076923079
NISAR_L,matched_10m,dualpol_consensus,49,48,6,0.875,0.9042467948717948,0.8750000000000003,0.9326923076923079
NISAR_L,matched_10m,dualpol_consensus,50,48,6,0.8541666666666666,0.9042467948717948,0.8750000000000003,0.9326923076923079
NISAR_L,matched_10m,dualpol_consensus,51,48,6,0.8125,0.9042467948717948,0.8750000000000003,0.9326923076923079
NISAR_L,matched_10m,dualpol_consensus,52,48,6,0.7291666666666666,0.9042467948717948,0.8750000000000003,0.9326923076923079
NISAR_L,matched_10m,dualpol_consensus,53,48,6,0.6041666666666666,0.9042467948717948,0.8750000000000003,0.9326923076923079
NISAR_L,matched_10m,dualpol_consensus,54,48,6,0.6041666666666666,0.9042467948717948,0.8750000000000003,0.9326923076923079
NISAR_L,matched_10m,dualpol_consensus,55,48,6,0.6041666666666666,0.9042467948717948,0.8750000000000003,0.9326923076923079
NISAR_L,matched_10m,dualpol_consensus,56,48,6,0.5833333333333334,0.9042467948717948,0.8750000000000003,0.9326923076923079
NISAR_L,matched_10m,dualpol_consensus,57,48,6,0.5416666666666666,0.9042467948717948,0.8750000000000003,0.9326923076923079
NISAR_L,matched_10m,dualpol_consensus,58,48,6,0.5,0.9042467948717948,0.8750000000000003,0.9326923076923079
NISAR_L,matched_10m,dualpol_consensus,59,48,6,0.4583333333333333,0.9042467948717948,0.8750000000000003,0.9326923076923079
NISAR_L,matched_10m,dualpol_consensus,60,48,6,0.375,0.9042467948717948,0.8750000000000003,0.9326923076923079
S1_C,harmonized_20m,copol,1,2160,270,0.019444444444444445,0.019444444444444445,0.012037037037037037,0.027777777777777776
S1_C,harmonized_20m,copol,2,2160,270,0.021296296296296296,0.021296296296296296,0.013425925925925926,0.03009259259259259
S1_C,harmonized_20m,copol,3,2160,270,0.026851851851851852,0.026851851851851852,0.017592592592592594,0.037037037037037035
S1_C,harmonized_20m,copol,4,2160,270,0.03611111111111111,0.03611111111111111,0.02546296296296296,0.047685185185185185
S1_C,harmonized_20m,copol,5,2160,270,0.04953703703703704,0.04953703703703704,0.037037037037037035,0.06296296296296296
S1_C,harmonized_20m,copol,6,2160,270,0.062037037037037036,0.062037037037037036,0.04814814814814815,0.07731481481481481
S1_C,harmonized_20m,copol,7,2160,270,0.08194444444444444,0.08194444444444444,0.06666666666666667,0.09862268518518501
S1_C,harmonized_20m,copol,8,2160,270,0.11157407407407408,0.11157407407407408,0.09351851851851851,0.1300925925925926
S1_C,harmonized_20m,copol,9,2160,270,0.12777777777777777,0.12777777777777777,0.10925925925925926,0.14722222222222223
S1_C,harmonized_20m,copol,10,2160,270,0.18055555555555555,0.18055555555555555,0.1587962962962963,0.20324074074074075
S1_C,harmonized_20m,copol,11,2160,270,0.22962962962962963,0.22962962962962963,0.2074074074074074,0.25277777777777777
S1_C,harmonized_20m,copol,12,2160,270,0.2912037037037037,0.2912037037037037,0.2662037037037037,0.31574074074074077
S1_C,harmonized_20m,copol,13,2160,270,0.3425925925925926,0.3425925925925926,0.31805555555555554,0.3685185185185185
S1_C,harmonized_20m,copol,14,2160,270,0.3907407407407407,0.3907407407407407,0.36574074074074076,0.41574074074074074
S1_C,harmonized_20m,copol,15,2160,270,0.4449074074074074,0.4449074074074074,0.41944444444444445,0.4708333333333333
S1_C,harmonized_20m,copol,16,2160,270,0.4962962962962963,0.4962962962962963,0.47129629629629627,0.5222222222222223
S1_C,harmonized_20m,copol,17,2160,270,0.5361111111111111,0.5361111111111111,0.5106481481481482,0.5615740740740741
S1_C,harmonized_20m,copol,18,2160,270,0.5990740740740741,0.5990740740740741,0.5740740740740741,0.6240740740740741
S1_C,harmonized_20m,copol,19,2160,270,0.6587962962962963,0.6587962962962963,0.6356365740740741,0.6828703703703703
S1_C,harmonized_20m,copol,20,2160,270,0.7180555555555556,0.7180555555555556,0.6962962962962963,0.7398148148148148
S1_C,harmonized_20m,copol,21,2160,270,0.7569444444444444,0.7569444444444444,0.7360995370370371,0.7777777777777778
S1_C,harmonized_20m,copol,22,2160,270,0.788425925925926,0.788425925925926,0.7685185185185185,0.8083333333333333
S1_C,harmonized_20m,copol,23,2160,270,0.8217592592592593,0.8217592592592593,0.8027777777777778,0.8407407407407408
S1_C,harmonized_20m,copol,24,2160,270,0.836574074074074,0.836574074074074,0.8185185185185185,0.8541666666666666
S1_C,harmonized_20m,copol,25,2160,270,0.8648148148148148,0.8648148148148148,0.8481481481481481,0.8814814814814815
S1_C,harmonized_20m,copol,26,2160,270,0.8930555555555556,0.8930555555555556,0.8768518518518519,0.9083333333333333
S1_C,harmonized_20m,copol,27,2160,270,0.9125,0.9125,0.8976851851851851,0.9268518518518518
S1_C,harmonized_20m,copol,28,2160,270,0.9282407407407407,0.9282407407407407,0.9138888888888889,0.9416666666666667
S1_C,harmonized_20m,copol,29,2160,270,0.937962962962963,0.937962962962963,0.924074074074074,0.950462962962963
S1_C,harmonized_20m,copol,30,2160,270,0.950462962962963,0.950462962962963,0.9375,0.961574074074074
S1_C,harmonized_20m,copol,31,2160,270,0.9564814814814815,0.9564814814814815,0.9444444444444444,0.9671296296296297
S1_C,harmonized_20m,copol,32,2160,270,0.9629629629629629,0.9629629629629629,0.9513888888888888,0.9726851851851852
S1_C,harmonized_20m,copol,33,2160,270,0.9699074074074074,0.9699074074074074,0.9597222222222223,0.9787037037037037
S1_C,harmonized_20m,copol,34,2160,270,0.9773148148148149,0.9773148148148149,0.9680555555555556,0.9851851851851852
S1_C,harmonized_20m,copol,35,2160,270,0.9833333333333333,0.9833333333333333,0.9745370370370371,0.9902777777777778
S1_C,harmonized_20m,copol,36,2160,270,0.9861111111111112,0.9861111111111112,0.9773148148148149,0.9911685185185186
S1_C,harmonized_20m,copol,37,2160,270,0.9861111111111112,0.9861111111111112,0.9775462962962963,0.991396875
S1_C,harmonized_20m,copol,38,2160,270,0.9893518518518518,0.9873590982286634,0.9800925925925926,0.9918211360398862
S1_C,harmonized_20m,copol,39,2160,270,0.9912037037037037,0.9873590982286634,0.9813762626262629,0.9918479267310789
S1_C,harmonized_20m,copol,40,2160,270,0.9921296296296296,0.9873590982286634,0.9815413647342994,0.9918520447530864
S1_C,harmonized_20m,copol,41,2160,270,0.9930555555555556,0.9873590982286634,0.9815737721417073,0.9918520447530864
S1_C,harmonized_20m,copol,42,2160,270,0.9939814814814815,0.9873590982286634,0.9815737721417073,0.9918520447530864
S1_C,harmonized_20m,copol,43,2160,270,0.9935185185185185,0.9873590982286634,0.9815737721417073,0.9918520447530864
S1_C,harmonized_20m,copol,44,2160,270,0.9944444444444445,0.9873590982286634,0.9815737721417073,0.9918520447530864
S1_C,harmonized_20m,copol,45,2160,270,0.9953703703703703,0.9873590982286634,0.9815737721417073,0.9918520447530864
S1_C,harmonized_20m,copol,46,2160,270,0.9958333333333333,0.9873590982286634,0.9815737721417073,0.9918520447530864
S1_C,harmonized_20m,copol,47,2160,270,0.9953703703703703,0.9873590982286634,0.9815737721417073,0.9918520447530864
S1_C,harmonized_20m,copol,48,2160,270,0.9953703703703703,0.9873590982286634,0.9815737721417073,0.9918520447530864
S1_C,harmonized_20m,copol,49,2160,270,0.9949074074074075,0.9873590982286634,0.9815737721417073,0.9918520447530864
S1_C,harmonized_20m,copol,50,2160,270,0.9944444444444445,0.9873590982286634,0.9815737721417073,0.9918520447530864
S1_C,harmonized_20m,copol,51,2160,270,0.9921296296296296,0.9873590982286634,0.9815737721417073,0.9918520447530864
S1_C,harmonized_20m,copol,52,2160,270,0.9925925925925926,0.9873590982286634,0.9815737721417073,0.9918520447530864
S1_C,harmonized_20m,copol,53,2160,270,0.9888888888888889,0.9873590982286634,0.9815737721417073,0.9918520447530864
S1_C,harmonized_20m,copol,54,2160,270,0.986574074074074,0.9873590982286634,0.9815737721417073,0.9918520447530864
S1_C,harmonized_20m,copol,55,2160,270,0.9833333333333333,0.9873590982286634,0.9815737721417073,0.9918520447530864
S1_C,harmonized_20m,copol,56,2160,270,0.9777777777777777,0.9873590982286634,0.9815737721417073,0.9918520447530864
S1_C,harmonized_20m,copol,57,2160,270,0.9740740740740741,0.9873590982286634,0.9815737721417073,0.9918520447530864
S1_C,harmonized_20m,copol,58,2160,270,0.9680555555555556,0.9873590982286634,0.9815737721417073,0.9918520447530864
S1_C,harmonized_20m,copol,59,2160,270,0.9652777777777778,0.9873590982286634,0.9815737721417073,0.9918520447530864
S1_C,harmonized_20m,copol,60,2160,270,0.961574074074074,0.9873590982286634,0.9815737721417073,0.9918520447530864
S1_C,harmonized_20m,dualpol_consensus,1,2160,270,0.004166666666666667,0.004166666666666667,0.000925925925925926,0.008333333333333333
S1_C,harmonized_20m,dualpol_consensus,2,2160,270,0.004629629629629629,0.004629629629629629,0.000925925925925926,0.009259259259259259
S1_C,harmonized_20m,dualpol_consensus,3,2160,270,0.005555555555555556,0.005555555555555556,0.001851851851851852,0.010185185185185186
S1_C,harmonized_20m,dualpol_consensus,4,2160,270,0.006481481481481481,0.006481481481481481,0.001851851851851852,0.012037037037037037
S1_C,harmonized_20m,dualpol_consensus,5,2160,270,0.007407407407407408,0.007407407407407408,0.002777777777777778,0.012962962962962963
S1_C,harmonized_20m,dualpol_consensus,6,2160,270,0.012037037037037037,0.012037037037037037,0.006481481481481481,0.018055555555555554
S1_C,harmonized_20m,dualpol_consensus,7,2160,270,0.01574074074074074,0.01574074074074074,0.009259259259259259,0.023148148148148147
S1_C,harmonized_20m,dualpol_consensus,8,2160,270,0.02638888888888889,0.02638888888888889,0.01712962962962963,0.037037037037037035
S1_C,harmonized_20m,dualpol_consensus,9,2160,270,0.033796296296296297,0.033796296296296297,0.02361111111111111,0.04490740740740741
S1_C,harmonized_20m,dualpol_consensus,10,2160,270,0.05740740740740741,0.05740740740740741,0.044444444444444446,0.07083333333333333
S1_C,harmonized_20m,dualpol_consensus,11,2160,270,0.08333333333333333,0.08333333333333333,0.06851851851851852,0.09861111111111111
S1_C,harmonized_20m,dualpol_consensus,12,2160,270,0.12268518518518519,0.12268518518518519,0.10462962962962963,0.1412037037037037
S1_C,harmonized_20m,dualpol_consensus,13,2160,270,0.15925925925925927,0.15925925925925927,0.1388888888888889,0.17962962962962964
S1_C,harmonized_20m,dualpol_consensus,14,2160,270,0.1912037037037037,0.1912037037037037,0.16898148148148148,0.21342592592592594
S1_C,harmonized_20m,dualpol_consensus,15,2160,270,0.2490740740740741,0.2490740740740741,0.22453703703703703,0.2726851851851852
S1_C,harmonized_20m,dualpol_consensus,16,2160,270,0.29583333333333334,0.29583333333333334,0.26989583333333333,0.3208449074074073
S1_C,harmonized_20m,dualpol_consensus,17,2160,270,0.33564814814814814,0.33564814814814814,0.3074074074074074,0.362962962962963
S1_C,harmonized_20m,dualpol_consensus,18,2160,270,0.4027777777777778,0.4027777777777778,0.3731481481481482,0.43148148148148147
S1_C,harmonized_20m,dualpol_consensus,19,2160,270,0.45555555555555555,0.45555555555555555,0.425,0.4861111111111111
S1_C,harmonized_20m,dualpol_consensus,20,2160,270,0.5287037037037037,0.5287037037037037,0.4976851851851852,0.5583333333333333
S1_C,harmonized_20m,dualpol_consensus,21,2160,270,0.5777777777777777,0.5777777777777777,0.5472222222222223,0.6078703703703704
S1_C,harmonized_20m,dualpol_consensus,22,2160,270,0.6166666666666667,0.6166666666666667,0.586574074074074,0.6453703703703704
S1_C,harmonized_20m,dualpol_consensus,23,2160,270,0.6689814814814815,0.6689814814814815,0.6393518518518518,0.6972222222222222
S1_C,harmonized_20m,dualpol_consensus,24,2160,270,0.6986111111111111,0.6986111111111111,0.6712962962962963,0.725
S1_C,harmonized_20m,dualpol_consensus,25,2160,270,0.7388888888888889,0.7388888888888889,0.712037037037037,0.7657407407407407
S1_C,harmonized_20m,dualpol_consensus,26,2160,270,0.7805555555555556,0.7805555555555556,0.7555555555555555,0.8055555555555556
S1_C,harmonized_20m,dualpol_consensus,27,2160,270,0.8143518518518519,0.8143518518518519,0.7912037037037037,0.8375
S1_C,harmonized_20m,dualpol_consensus,28,2160,270,0.8453703703703703,0.8453703703703703,0.8236111111111111,0.8675925925925926
S1_C,harmonized_20m,dualpol_consensus,29,2160,270,0.8638888888888889,0.8638888888888889,0.8430555555555556,0.8847222222222222
S1_C,harmonized_20m,dualpol_consensus,30,2160,270,0.8870370370370371,0.8870370370370371,0.8666666666666667,0.9060185185185186
S1_C,harmonized_20m,dualpol_consensus,31,2160,270,0.9013888888888889,0.9013888888888889,0.8824074074074074,0.9194444444444444
S1_C,harmonized_20m,dualpol_consensus,32,2160,270,0.9125,0.9125,0.8949074074074074,0.9296296296296296
S1_C,harmonized_20m,dualpol_consensus,33,2160,270,0.9259259259259259,0.9259259259259259,0.9092592592592592,0.9416666666666667
S1_C,harmonized_20m,dualpol_consensus,34,2160,270,0.9365740740740741,0.9365740740740741,0.9203703703703704,0.9513888888888888
S1_C,harmonized_20m,dualpol_consensus,35,2160,270,0.9481481481481482,0.9481481481481482,0.9333333333333333,0.961574074074074
S1_C,harmonized_20m,dualpol_consensus,36,2160,270,0.9578703703703704,0.9578703703703704,0.9444444444444444,0.9699074074074074
S1_C,harmonized_20m,dualpol_consensus,37,2160,270,0.961574074074074,0.961574074074074,0.9481481481481482,0.9736111111111111
S1_C,harmonized_20m,dualpol_consensus,38,2160,270,0.9708333333333333,0.9708333333333333,0.9574074074074074,0.9808977455716585
S1_C,harmonized_20m,dualpol_consensus,39,2160,270,0.9736111111111111,0.9736111111111111,0.9610232533670033,0.9818241747181966
S1_C,harmonized_20m,dualpol_consensus,40,2160,270,0.9782407407407407,0.9746693121693122,0.9643733465608467,0.9824074074074072
S1_C,harmonized_20m,dualpol_consensus,41,2160,270,0.9824074074074074,0.9746693121693122,0.9649465388007054,0.982467937658155
S1_C,harmonized_20m,dualpol_consensus,42,2160,270,0.9837962962962963,0.9746693121693122,0.9649465388007054,0.982467937658155
S1_C,harmonized_20m,dualpol_consensus,43,2160,270,0.9842592592592593,0.9746693121693122,0.9649465388007054,0.982467937658155
S1_C,harmonized_20m,dualpol_consensus,44,2160,270,0.9847222222222223,0.9746693121693122,0.9649465388007054,0.982467937658155
S1_C,harmonized_20m,dualpol_consensus,45,2160,270,0.9851851851851852,0.9746693121693122,0.9649465388007054,0.982467937658155
S1_C,harmonized_20m,dualpol_consensus,46,2160,270,0.9875,0.9746693121693122,0.9649465388007054,0.982467937658155
S1_C,harmonized_20m,dualpol_consensus,47,2160,270,0.9884259259259259,0.9746693121693122,0.9649465388007054,0.982467937658155
S1_C,harmonized_20m,dualpol_consensus,48,2160,270,0.9888888888888889,0.9746693121693122,0.9649465388007054,0.982467937658155
S1_C,harmonized_20m,dualpol_consensus,49,2160,270,0.9888888888888889,0.9746693121693122,0.9649465388007054,0.982467937658155
S1_C,harmonized_20m,dualpol_consensus,50,2160,270,0.9879629629629629,0.9746693121693122,0.9649465388007054,0.982467937658155
S1_C,harmonized_20m,dualpol_consensus,51,2160,270,0.9847222222222223,0.9746693121693122,0.9649465388007054,0.982467937658155
S1_C,harmonized_20m,dualpol_consensus,52,2160,270,0.9833333333333333,0.9746693121693122,0.9649465388007054,0.982467937658155
S1_C,harmonized_20m,dualpol_consensus,53,2160,270,0.9773148148148149,0.9746693121693122,0.9649465388007054,0.982467937658155
S1_C,harmonized_20m,dualpol_consensus,54,2160,270,0.975,0.9746693121693122,0.9649465388007054,0.982467937658155
S1_C,harmonized_20m,dualpol_consensus,55,2160,270,0.9685185185185186,0.9746693121693122,0.9649465388007054,0.982467937658155
S1_C,harmonized_20m,dualpol_consensus,56,2160,270,0.962037037037037,0.9746693121693122,0.9649465388007054,0.982467937658155
S1_C,harmonized_20m,dualpol_consensus,57,2160,270,0.9546296296296296,0.9746693121693122,0.9649465388007054,0.982467937658155
S1_C,harmonized_20m,dualpol_consensus,58,2160,270,0.9458333333333333,0.9746693121693122,0.9649465388007054,0.982467937658155
S1_C,harmonized_20m,dualpol_consensus,59,2160,270,0.9416666666666667,0.9746693121693122,0.9649465388007054,0.982467937658155
S1_C,harmonized_20m,dualpol_consensus,60,2160,270,0.9347222222222222,0.9746693121693122,0.9649465388007054,0.982467937658155
S1_C,matched_10m,copol,1,2160,270,0.02638888888888889,0.02638888888888889,0.017581018518518524,0.03611111111111111
S1_C,matched_10m,copol,2,2160,270,0.05277777777777778,0.05277777777777778,0.03888888888888889,0.06712962962962964
S1_C,matched_10m,copol,3,2160,270,0.08796296296296297,0.08796296296296297,0.06944444444444445,0.10648148148148148
S1_C,matched_10m,copol,4,2160,270,0.12916666666666668,0.12916666666666668,0.10740740740740741,0.15185185185185185
S1_C,matched_10m,copol,5,2160,270,0.19074074074074074,0.19074074074074074,0.16435185185185186,0.2176041666666665
S1_C,matched_10m,copol,6,2160,270,0.2865740740740741,0.2865740740740741,0.25324074074074077,0.32175925925925924
S1_C,matched_10m,copol,7,2160,270,0.3736111111111111,0.3736111111111111,0.3384259259259259,0.40879629629629627
S1_C,matched_10m,copol,8,2160,270,0.4810185185185185,0.4810185185185185,0.4486111111111111,0.5125
S1_C,matched_10m,copol,9,2160,270,0.5805555555555556,0.5805555555555556,0.55,0.6111111111111112
S1_C,matched_10m,copol,10,2160,270,0.6902777777777778,0.6902777777777778,0.6648148148148149,0.7162037037037037
S1_C,matched_10m,copol,11,2160,270,0.7680555555555556,0.7680555555555556,0.7453703703703703,0.7916666666666666
S1_C,matched_10m,copol,12,2160,270,0.8305555555555556,0.8305555555555556,0.8101736111111112,0.8513888888888889
S1_C,matched_10m,copol,13,2160,270,0.8847222222222222,0.8847222222222222,0.8666666666666667,0.9023263888888887
S1_C,matched_10m,copol,14,2160,270,0.9231481481481482,0.9231481481481482,0.9073958333333334,0.9384259259259259
S1_C,matched_10m,copol,15,2160,270,0.950925925925926,0.950925925925926,0.937488425925926,0.9638888888888889
S1_C,matched_10m,copol,16,2160,270,0.961574074074074,0.961574074074074,0.9490740740740741,0.9731481481481481
S1_C,matched_10m,copol,17,2160,270,0.9736111111111111,0.9736111111111111,0.9625,0.9793355429292933
S1_C,matched_10m,copol,18,2160,270,0.9833333333333333,0.9763781223083549,0.9712962962962964,0.9808503396366768
S1_C,matched_10m,copol,19,2160,270,0.986574074074074,0.9763781223083549,0.9715063180252133,0.9809000861326442
S1_C,matched_10m,copol,20,2160,270,0.9912037037037037,0.9763781223083549,0.9715067340067343,0.9809002912103689
S1_C,matched_10m,copol,21,2160,270,0.9935185185185185,0.9763781223083549,0.9715067340067343,0.9809002912103689
S1_C,matched_10m,copol,22,2160,270,0.9953703703703703,0.9763781223083549,0.9715067340067343,0.9809002912103689
S1_C,matched_10m,copol,23,2160,270,0.9953703703703703,0.9763781223083549,0.9715067340067343,0.9809002912103689
S1_C,matched_10m,copol,24,2160,270,0.9976851851851852,0.9763781223083549,0.9715067340067343,0.9809002912103689
S1_C,matched_10m,copol,25,2160,270,0.9986111111111111,0.9763781223083549,0.9715067340067343,0.9809002912103689
S1_C,matched_10m,copol,26,2160,270,0.9990740740740741,0.9763781223083549,0.9715067340067343,0.9809002912103689
S1_C,matched_10m,copol,27,2160,270,1.0,0.9763781223083549,0.9715067340067343,0.9809002912103689
S1_C,matched_10m,copol,28,2160,270,1.0,0.9763781223083549,0.9715067340067343,0.9809002912103689
S1_C,matched_10m,copol,29,2160,270,1.0,0.9763781223083549,0.9715067340067343,0.9809002912103689
S1_C,matched_10m,copol,30,2160,270,1.0,0.9763781223083549,0.9715067340067343,0.9809002912103689
S1_C,matched_10m,copol,31,2160,270,1.0,0.9763781223083549,0.9715067340067343,0.9809002912103689
S1_C,matched_10m,copol,32,2160,270,1.0,0.9763781223083549,0.9715067340067343,0.9809002912103689
S1_C,matched_10m,copol,33,2160,270,1.0,0.9763781223083549,0.9715067340067343,0.9809002912103689
S1_C,matched_10m,copol,34,2160,270,1.0,0.9763781223083549,0.9715067340067343,0.9809002912103689
S1_C,matched_10m,copol,35,2160,270,0.9990740740740741,0.9763781223083549,0.9715067340067343,0.9809002912103689
S1_C,matched_10m,copol,36,2160,270,0.9990740740740741,0.9763781223083549,0.9715067340067343,0.9809002912103689
S1_C,matched_10m,copol,37,2160,270,0.9986111111111111,0.9763781223083549,0.9715067340067343,0.9809002912103689
S1_C,matched_10m,copol,38,2160,270,0.9986111111111111,0.9763781223083549,0.9715067340067343,0.9809002912103689
S1_C,matched_10m,copol,39,2160,270,0.9986111111111111,0.9763781223083549,0.9715067340067343,0.9809002912103689
S1_C,matched_10m,copol,40,2160,270,0.9967592592592592,0.9763781223083549,0.9715067340067343,0.9809002912103689
S1_C,matched_10m,copol,41,2160,270,0.9939814814814815,0.9763781223083549,0.9715067340067343,0.9809002912103689
S1_C,matched_10m,copol,42,2160,270,0.9921296296296296,0.9763781223083549,0.9715067340067343,0.9809002912103689
S1_C,matched_10m,copol,43,2160,270,0.9912037037037037,0.9763781223083549,0.9715067340067343,0.9809002912103689
S1_C,matched_10m,copol,44,2160,270,0.9879629629629629,0.9763781223083549,0.9715067340067343,0.9809002912103689
S1_C,matched_10m,copol,45,2160,270,0.9861111111111112,0.9763781223083549,0.9715067340067343,0.9809002912103689
S1_C,matched_10m,copol,46,2160,270,0.9847222222222223,0.9763781223083549,0.9715067340067343,0.9809002912103689
S1_C,matched_10m,copol,47,2160,270,0.9824074074074074,0.9763781223083549,0.9715067340067343,0.9809002912103689
S1_C,matched_10m,copol,48,2160,270,0.9773148148148149,0.9763781223083549,0.9715067340067343,0.9809002912103689
S1_C,matched_10m,copol,49,2160,270,0.975462962962963,0.9763781223083549,0.9715067340067343,0.9809002912103689
S1_C,matched_10m,copol,50,2160,270,0.9736111111111111,0.9763781223083549,0.9715067340067343,0.9809002912103689
S1_C,matched_10m,copol,51,2160,270,0.9703703703703703,0.9763781223083549,0.9715067340067343,0.9809002912103689
S1_C,matched_10m,copol,52,2160,270,0.9625,0.9763781223083549,0.9715067340067343,0.9809002912103689
S1_C,matched_10m,copol,53,2160,270,0.9513888888888888,0.9763781223083549,0.9715067340067343,0.9809002912103689
S1_C,matched_10m,copol,54,2160,270,0.9425925925925925,0.9763781223083549,0.9715067340067343,0.9809002912103689
S1_C,matched_10m,copol,55,2160,270,0.9333333333333333,0.9763781223083549,0.9715067340067343,0.9809002912103689
S1_C,matched_10m,copol,56,2160,270,0.9125,0.9763781223083549,0.9715067340067343,0.9809002912103689
S1_C,matched_10m,copol,57,2160,270,0.9013888888888889,0.9763781223083549,0.9715067340067343,0.9809002912103689
S1_C,matched_10m,copol,58,2160,270,0.8912037037037037,0.9763781223083549,0.9715067340067343,0.9809002912103689
S1_C,matched_10m,copol,59,2160,270,0.8796296296296297,0.9763781223083549,0.9715067340067343,0.9809002912103689
S1_C,matched_10m,copol,60,2160,270,0.8629629629629629,0.9763781223083549,0.9715067340067343,0.9809002912103689
S1_C,matched_10m,dualpol_consensus,1,2160,270,0.000925925925925926,0.000925925925925926,0.0,0.002777777777777778
S1_C,matched_10m,dualpol_consensus,2,2160,270,0.0023148148148148147,0.0023148148148148147,0.0,0.005555555555555556
S1_C,matched_10m,dualpol_consensus,3,2160,270,0.0060185185185185185,0.0060185185185185185,0.001851851851851852,0.011574074074074073
S1_C,matched_10m,dualpol_consensus,4,2160,270,0.017592592592592594,0.017592592592592594,0.010185185185185186,0.02638888888888889
S1_C,matched_10m,dualpol_consensus,5,2160,270,0.03981481481481482,0.03981481481481482,0.028703703703703703,0.052314814814814814
S1_C,matched_10m,dualpol_consensus,6,2160,270,0.09953703703703703,0.09953703703703703,0.08148148148148149,0.11805555555555555
S1_C,matched_10m,dualpol_consensus,7,2160,270,0.1625,0.1625,0.13935185185185187,0.18703703703703703
S1_C,matched_10m,dualpol_consensus,8,2160,270,0.26435185185185184,0.26435185185185184,0.2361111111111111,0.29444444444444445
S1_C,matched_10m,dualpol_consensus,9,2160,270,0.37175925925925923,0.37175925925925923,0.3375,0.4064814814814815
S1_C,matched_10m,dualpol_consensus,10,2160,270,0.49444444444444446,0.49444444444444446,0.4578587962962963,0.5314814814814814
S1_C,matched_10m,dualpol_consensus,11,2160,270,0.5958333333333333,0.5958333333333333,0.5601851851851852,0.6319444444444444
S1_C,matched_10m,dualpol_consensus,12,2160,270,0.6652777777777777,0.6652777777777777,0.6314699074074075,0.6995370370370371
S1_C,matched_10m,dualpol_consensus,13,2160,270,0.7402777777777778,0.7402777777777778,0.7092592592592593,0.7699074074074074
S1_C,matched_10m,dualpol_consensus,14,2160,270,0.8074074074074075,0.8074074074074075,0.7810185185185186,0.8328703703703704
S1_C,matched_10m,dualpol_consensus,15,2160,270,0.8532407407407407,0.8532407407407407,0.8287037037037037,0.8763888888888889
S1_C,matched_10m,dualpol_consensus,16,2160,270,0.8861111111111111,0.8861111111111111,0.8629629629629629,0.9074074074074074
S1_C,matched_10m,dualpol_consensus,17,2160,270,0.9074074074074074,0.9074074074074074,0.8856481481481482,0.9268518518518518
S1_C,matched_10m,dualpol_consensus,18,2160,270,0.9310185185185185,0.9310185185185185,0.9120370370370371,0.9476851851851852
S1_C,matched_10m,dualpol_consensus,19,2160,270,0.9462962962962963,0.9462962962962963,0.9305555555555556,0.9601851851851851
S1_C,matched_10m,dualpol_consensus,20,2160,270,0.9587962962962963,0.9587962962962963,0.9449074074074074,0.9674457994579945
S1_C,matched_10m,dualpol_consensus,21,2160,270,0.9680555555555556,0.9629282407407408,0.9534997459349591,0.9695023148148149
S1_C,matched_10m,dualpol_consensus,22,2160,270,0.975462962962963,0.9629282407407408,0.9541768292682926,0.9699771412037034
S1_C,matched_10m,dualpol_consensus,23,2160,270,0.9800925925925926,0.9629282407407408,0.9541768292682926,0.969988425925926
S1_C,matched_10m,dualpol_consensus,24,2160,270,0.9847222222222223,0.9629282407407408,0.9541768292682926,0.969988425925926
S1_C,matched_10m,dualpol_consensus,25,2160,270,0.9879629629629629,0.9629282407407408,0.9541768292682926,0.969988425925926
S1_C,matched_10m,dualpol_consensus,26,2160,270,0.9912037037037037,0.9629282407407408,0.9541768292682926,0.969988425925926
S1_C,matched_10m,dualpol_consensus,27,2160,270,0.9939814814814815,0.9629282407407408,0.9541768292682926,0.969988425925926
S1_C,matched_10m,dualpol_consensus,28,2160,270,0.9949074074074075,0.9629282407407408,0.9541768292682926,0.969988425925926
S1_C,matched_10m,dualpol_consensus,29,2160,270,0.9958333333333333,0.9629282407407408,0.9541768292682926,0.969988425925926
S1_C,matched_10m,dualpol_consensus,30,2160,270,0.9958333333333333,0.9629282407407408,0.9541768292682926,0.969988425925926
S1_C,matched_10m,dualpol_consensus,31,2160,270,0.9958333333333333,0.9629282407407408,0.9541768292682926,0.969988425925926
S1_C,matched_10m,dualpol_consensus,32,2160,270,0.9967592592592592,0.9629282407407408,0.9541768292682926,0.969988425925926
S1_C,matched_10m,dualpol_consensus,33,2160,270,0.9967592592592592,0.9629282407407408,0.9541768292682926,0.969988425925926
S1_C,matched_10m,dualpol_consensus,34,2160,270,0.9967592592592592,0.9629282407407408,0.9541768292682926,0.969988425925926
S1_C,matched_10m,dualpol_consensus,35,2160,270,0.9958333333333333,0.9629282407407408,0.9541768292682926,0.969988425925926
S1_C,matched_10m,dualpol_consensus,36,2160,270,0.9958333333333333,0.9629282407407408,0.9541768292682926,0.969988425925926
S1_C,matched_10m,dualpol_consensus,37,2160,270,0.9953703703703703,0.9629282407407408,0.9541768292682926,0.969988425925926
S1_C,matched_10m,dualpol_consensus,38,2160,270,0.9953703703703703,0.9629282407407408,0.9541768292682926,0.969988425925926
S1_C,matched_10m,dualpol_consensus,39,2160,270,0.9953703703703703,0.9629282407407408,0.9541768292682926,0.969988425925926
S1_C,matched_10m,dualpol_consensus,40,2160,270,0.9930555555555556,0.9629282407407408,0.9541768292682926,0.969988425925926
S1_C,matched_10m,dualpol_consensus,41,2160,270,0.9902777777777778,0.9629282407407408,0.9541768292682926,0.969988425925926
S1_C,matched_10m,dualpol_consensus,42,2160,270,0.9879629629629629,0.9629282407407408,0.9541768292682926,0.969988425925926
S1_C,matched_10m,dualpol_consensus,43,2160,270,0.986574074074074,0.9629282407407408,0.9541768292682926,0.969988425925926
S1_C,matched_10m,dualpol_consensus,44,2160,270,0.9833333333333333,0.9629282407407408,0.9541768292682926,0.969988425925926
S1_C,matched_10m,dualpol_consensus,45,2160,270,0.9814814814814815,0.9629282407407408,0.9541768292682926,0.969988425925926
S1_C,matched_10m,dualpol_consensus,46,2160,270,0.9796296296296296,0.9629282407407408,0.9541768292682926,0.969988425925926
S1_C,matched_10m,dualpol_consensus,47,2160,270,0.9773148148148149,0.9629282407407408,0.9541768292682926,0.969988425925926
S1_C,matched_10m,dualpol_consensus,48,2160,270,0.9722222222222222,0.9629282407407408,0.9541768292682926,0.969988425925926
S1_C,matched_10m,dualpol_consensus,49,2160,270,0.9680555555555556,0.9629282407407408,0.9541768292682926,0.969988425925926
S1_C,matched_10m,dualpol_consensus,50,2160,270,0.9629629629629629,0.9629282407407408,0.9541768292682926,0.969988425925926
S1_C,matched_10m,dualpol_consensus,51,2160,270,0.9574074074074074,0.9629282407407408,0.9541768292682926,0.969988425925926
S1_C,matched_10m,dualpol_consensus,52,2160,270,0.9425925925925925,0.9629282407407408,0.9541768292682926,0.969988425925926
S1_C,matched_10m,dualpol_consensus,53,2160,270,0.9310185185185185,0.9629282407407408,0.9541768292682926,0.969988425925926
S1_C,matched_10m,dualpol_consensus,54,2160,270,0.9208333333333333,0.9629282407407408,0.9541768292682926,0.969988425925926
S1_C,matched_10m,dualpol_consensus,55,2160,270,0.9064814814814814,0.9629282407407408,0.9541768292682926,0.969988425925926
S1_C,matched_10m,dualpol_consensus,56,2160,270,0.8837962962962963,0.9629282407407408,0.9541768292682926,0.969988425925926
S1_C,matched_10m,dualpol_consensus,57,2160,270,0.8662037037037037,0.9629282407407408,0.9541768292682926,0.969988425925926
S1_C,matched_10m,dualpol_consensus,58,2160,270,0.85,0.9629282407407408,0.9541768292682926,0.969988425925926
S1_C,matched_10m,dualpol_consensus,59,2160,270,0.8291666666666667,0.9629282407407408,0.9541768292682926,0.969988425925926
S1_C,matched_10m,dualpol_consensus,60,2160,270,0.8148148148148148,0.9629282407407408,0.9541768292682926,0.969988425925926
