sensor,site,regime,polarisation,accepted_calibration_pairs,threshold_source,threshold_m
NISAR_L,tengeh,matched_10m,copol,4,site_specific,2.6741542597971235
NISAR_L,tengeh,matched_10m,crosspol,4,site_specific,3.2433166118980137
S1_C,tengeh,matched_10m,copol,68,site_specific,3.4129724434386053
S1_C,tengeh,matched_10m,crosspol,68,site_specific,4.934495451694542
S1_C,piolenc,matched_10m,copol,180,site_specific,6.953471334943316
S1_C,piolenc,matched_10m,crosspol,180,site_specific,7.945808997706498
S1_C,sirindhorn,matched_10m,copol,132,site_specific,5.574082190833992
S1_C,sirindhorn,matched_10m,crosspol,132,site_specific,5.0684046679975765
NISAR_L,tengeh,harmonized_20m,copol,4,site_specific,7.3465441124049224
NISAR_L,tengeh,harmonized_20m,crosspol,4,site_specific,6.082677317555266
S1_C,tengeh,harmonized_20m,copol,68,site_specific,9.725130032108988
S1_C,tengeh,harmonized_20m,crosspol,68,site_specific,11.883094241700872
NISAR_L,piolenc,harmonized_20m,copol,4,site_specific,8.740917964647142
NISAR_L,piolenc,harmonized_20m,crosspol,4,site_specific,9.27660035136073
S1_C,piolenc,harmonized_20m,copol,180,site_specific,14.263097368823448
S1_C,piolenc,harmonized_20m,crosspol,180,site_specific,15.141840139092817
NISAR_L,sirindhorn,harmonized_20m,copol,3,site_specific,11.721413747914976
NISAR_L,sirindhorn,harmonized_20m,crosspol,3,site_specific,6.478585630012698
S1_C,sirindhorn,harmonized_20m,copol,132,site_specific,11.778892264629501
S1_C,sirindhorn,harmonized_20m,crosspol,132,site_specific,9.64761788167484
