"path","sha256","bytes"
".github\workflows\quality.yml","37824205f4c4d7fec4ce7a8797e8b94692af342706db98b26baeeabbfa0f2e5a","400"
".gitignore","2c772a56b2d24d16bcef86511efbcef4c6851d9d6d061ddf70b50a324a6738de","183"
"analysis\build_3d_observatory.py","057473f3cebc1194338349de36775c9dedb5f7a13cc887fa4cf3a71d44377fe0","9420"
"analysis\build_web_atlas.py","d917720c0c63953790fb3d478bf281b6ef125f5cee484485950de25299c8918a","12627"
"analysis\extract_global_fpv_inventory.py","9df0fca0dc557b379b23db3da0b832c0d0512eb58e06112e6264348ee15a822f","6399"
"analysis\make_injection_figure.py","0671675767479d1e750bdd1ec2c9ee461e0f8eb3e7e403032e5ef92856a9cce3","4948"
"analysis\summarize_sites.py","04129c338aa5fff51cf6a8971ea93008a1b97efaaf72306a3cf46b9ff6ab993e","4781"
"blender\build_fpv_globe.py","000e334fbcf7a2fe183f1bc91d7c80d261f72c065b6444554849fb7a94e6b984","16385"
"blender\output\fpv_earth_observatory.blend","c07234a53da273b5a81add29a6462433116a55bd84f14d387d04b62f34c8d641","4412208"
"blender\output\fpv_earth_observatory.blend1","14dc331e32878440d6ee66edc9315ec32e09280e8eeda44c89ab9b7b8857500c","4406768"
"blender\output\scene_manifest.json","de80ba45ae96d2de609eee01f5010c49bc012c8e67878d2dfc23a83560c039e6","466"
"blender\README.md","abbe63b9c06f68e1c33fbb37d8f704af787b65955a9c07b293e72158c1cbf48c","2044"
"CHANGELOG.md","404f56e30d137946cacd4dce2a7cae7e319a5a41cd2572506225a1c4b0cfd996","2477"
"CITATION.cff","82d77101d235c9a6dada825e6d826391c358e16e9e91b84bbe018da8b933ce68","547"
"config\experiment.json","761e392b8b19888f5bbdb2498d0625f8dccfcf2d47a6eca2ba998059e1f689cd","1938"
"CONTRIBUTING.md","7bc8fb248b4107434696c939f58baee4e28282a4ec3ac596f98fce89722a4f39","497"
"DATA_LICENSE.md","bc08719c91225f8122d65ddccc72d1f5b927fadb3598d28a607468c80ce890c4","1613"
"data\derived\calibration_shams.csv","280abc8d04b7ab37f5d3aa44adfd6fa498beb2b3dcbd53fd9d5f6ceea4db62e2","428430"
"data\derived\cross_sensor_advantage_curves.csv","f2c3f333ec931a9858836c5bb1fcd67abbd826a2479327772da95e47172c3006","53451"
"data\derived\crossover_summary.csv","7e3218768075c96dede875a76b4741b6268c244c05bee54676f93e92d78a2806","495"
"data\derived\detection_curves.csv","b26961aefae36427befbab6371d1232d96d310792eb9f1af95893d4269ce0b4b","52683"
"data\derived\md_boundaries.csv","2b3a72cc802074a77fa0b8cb3699467fbc26b53a53d36870eb5df9c0a113deec","766"
"data\derived\power_audit.csv","00adab1fc1299c2f1b800063609d6b1f4aebb04ea7ca918d9ab878f2327b874b","339"
"data\derived\preparation_audit.json","823a01f94aa27ae4935083a7e585deecbb4e6da0ed307fb92a45d693d015b424","157"
"data\derived\README.md","4e9e67ba2849cba0382591e3984a2eda385e2f657f2753d3a567d50792042bb3","1656"
"data\derived\site_md_summary.csv","d44810d40e1c6f10c3ca29013e2c6ed1cb0f93b02b32518bb2ff715a540da612","582"
"data\derived\summary.json","6061f0de953f2bb937f5fd2af4b52dfb34c70e7461c5f7d35731a4df6da0ea9e","6716"
"data\derived\thresholds.csv","b83865e0e2bc0987a14ff6fa3737c6ef86c6d3d22eb6edc1574bfa0dbf23539c","1540"
"data\external\global_fpv_inventory_2023_audit.json","3f70eb1c60930c6c3fa114e840cb244cd3f4e3efe6d1514f695c17bd4e078325","612"
"data\external\global_fpv_inventory_2023.csv","abcfd813518cc40eb598dee37ad6e4d9e0776f5f81d0219d2cca7418993346d4","78848"
"data\external\README.md","25b5c18a186dda5aa6633988348bf0664dff44057ae56478cccbd9f736c49243","479"
"docs\.nojekyll","01ba4719c80b6fe911b091a7c05124b64eeece964e09c058ef8f9805daca546b","1"
"docs\assets\app.js","20b1a1f8e0fa9277089462a25d9f1614ede19ef3b4375c08fff2a6cf56b94c00","9113"
"docs\assets\atlas-data.js","07b86811a05f317b0ecd6a2bffb0ed3ceb02b9ab973455c398470f781e425963","38925"
"docs\assets\atlas.css","d6616e992123df14521cf5388f9a70d0f684e69519d3617e199a81be0d7a69da","14818"
"docs\assets\atlas.js","e6ee902266a28acb4d025dcd2a3990520546484ddddc0f9b3401e0905e50c66f","15069"
"docs\assets\blender\fpv_globe_preview.png","b71c3a7e1c4d1a927624e431d9f4927965e4b63fd42d10b7426f70951dff475b","1577911"
"docs\assets\blender\fpv_globe_scene.glb","cd05b94c5506ae7753c24b63555dddfae8b55ee3cf8af2779fca14b33cbde024","4426348"
"docs\assets\earth-data.js","f07f099e4abd0aad6f169fd7fedc851cc051d4a02fd270568eb3993ec9d29d55","376941"
"docs\assets\earth.css","4db4f0be3a04ae3de001f2214ab5992fcc03e1e1bec0c5f1831d69fcdcf95786","19951"
"docs\assets\earth.js","1707414986abd23ebe10e0c8f9fc6b4af03d922db98919949f5bd3ac105f6ecb","34224"
"docs\assets\maps\omkareshwar_nisar_worldview_20260702.png","2c3ec1e646be762e09563df084996bb0d7ef431b1896ed12174b56ad42e30d17","163190"
"docs\assets\maps\orbit_39_2019-09-06_vv_pre_db.png","148ae0724e7806fc71218d3ec8dbce0390ba0bccb65db2a5949b94b720bcde38","79695"
"docs\assets\maps\orbit_39_2019-09-18_vv_post_db.png","c69de8497aea8d90a7cc2dbe49477177d8463c9b838fc9afb77ae642a2dd56a2","79057"
"docs\assets\maps\orbit_39_vv_event_difference_db.png","a4220180e10f98985fe95ab3f228a4fcd5acc78c6bedc922a3038951df58d3b2","175134"
"docs\assets\maps\tengeh_s1_vv_20220108.png","c50d516748c1d8a6a13fb7080341e27a9fad4b992d266dc823487666f1ae380e","88749"
"docs\assets\maps\tengeh_s1_vv_20220120.png","bf5575ff5744bc91d7a4c3dacf8d7319099d53725487676676fe6e43ebee8a10","90074"
"docs\assets\maps\tengeh_s1_vv_aligned.png","a078a3c379db50319164b1af9b7be8015b00daf9b774fcad2efff6876897d47f","85182"
"docs\assets\maps\tengeh_s1_vv_difference.png","5dde257869cd37c3b41bb2460ed89ad1177970e5a57c4c9acc1d81d2997ecebd","216363"
"docs\assets\maps\tengeh_s1_vv_injected_40m_east.png","35c9ffa2e07e08f2f93429dbdf0ff989fb01a7e1ac3c0ec801c242ef125502f3","86601"
"docs\assets\maps\tengeh_s1_vv_inpainted.png","e1b00ad9946cc87632065377064a902ab922edc823d79e274674f1429af8333e","85945"
"docs\assets\research\cross_sensor_copol_20m.png","e30448af0267e655fe7ef6649b75ca157392dfed2f4c91e1cb046525c9996aa2","240963"
"docs\assets\research\cross_sensor_dual_20m.png","c570c20c247aed623ceeb7888047b1a7e5dbbb58c982b5e7b27aa0367664a248","242961"
"docs\assets\research\injection_pipeline_real_raster.png","6fdbb5fb7135020f0d1a207def5b8e2a7f6b093a2579f6089dc8a23f36873419","375235"
"docs\assets\research\nisar_worldview_screen_result.png","a0ddec0bfe685fb4d26b91f93537f8e6f2a01c2ed689dafe10f911ccf1781a51","234359"
"docs\assets\research\nisar_worldview_sequence.png","61cb0b9df5b1c4ddd12c4deca7cf4cf2e6666e5b0d2bf3edc870147ee03fcc41","1272760"
"docs\assets\research\omkareshwar_null_result.png","c417f5ea6de1fe4fc1f4cd603602a6a06bb1b530fc8f1018d0b6e86bfdf93733","205931"
"docs\assets\research\omkareshwar_s1_pairs.png","bcc3f27a4e7fc7ede1a75a64a412c4b4245e4690c1f0ec3994b34e37ce84a8be","1902154"
"docs\assets\research\piolenc_mask_controls.png","c1e48a0ebaa126fd4b1a7ff058de69111b46863593dc03a7958488ba8e3b2622","312052"
"docs\assets\research\qgis_raster_calculator.png","2d1d1a34f79afe9be1eaedcda109cc33ace88f82876a288be12b07041f6ced9a","144533"
"docs\assets\research\qgis_yamakura_difference_rois.png","e13768f2c7f5d4d9fe77cf4c6d704ffcb6aa6d3d08dbc2a789eb3af5d325ee27","159673"
"docs\assets\research\sirindhorn_mask_controls.png","e9de5228605a7850b9a98176578b326723620e9bab748019379f881b79a66d41","236025"
"docs\assets\research\tengeh_mask_controls.png","453892aafdad4f5d0027c497b19d19155a5647640bb70639f58b48a2b45a202a","322073"
"docs\assets\research\yamakura_injection_mask.png","a9d286bca5fd73ccc41dd2911d813583a73202068f25662facf6ee5f97615ff7","139712"
"docs\assets\research\yamakura_s1_event_pairs.png","d5d80cda3535e9e41a8cf67fec6d3d5da54d72cea0a9e52626a0f9898a02155a","2187466"
"docs\assets\research\yamakura_structural_change_result.png","2b145c31681121c965537d633ffe74fcfdff00af023d5ca2fa0f929e5a37afcf","508172"
"docs\assets\research\yamakura_synthetic_benchmark.png","21a902965e312856023c36859310127a1d1960c77c6ac4f5844c0247f94b9c8d","447676"
"docs\assets\style.css","a6716faf42cfa72bda89e84ec16e0c424bbe4040faa9313b5b74d5c042d3cbff","19939"
"docs\assets\world-countries.geojson","bc2356a26a2976f98e4aaf1b24c5693d5a4dc9b6178aeb952dbafbcd42c73bcd","256950"
"docs\atlas.html","868a8c0a62c9262b9e005a88ed3dfc6ba5ce70941a73eef6560490b2d8a82533","6350"
"docs\earth.html","160ff0dc5b1621758268e1e55295fc39c074791ea9a26c35070d7dcba60df9cf","11101"
"docs\index.html","160ff0dc5b1621758268e1e55295fc39c074791ea9a26c35070d7dcba60df9cf","11101"
"docs\paper.html","365786ba36baa56931a879129eb83223851d1ee35b3bfac2343a280c1f7e447f","23105"
"docs\vendor\maplibre-gl\LICENSE.txt","ee5fc05a0677eaf69601d2c7db0d9ecd6cc27c3abc1d0733bc9ed34707cf8ef2","5984"
"docs\vendor\maplibre-gl\maplibre-gl.css","1dae8925ee5906e442f0fd7028dded2884381b9acd7a780e5270025e09fc7c5e","69449"
"docs\vendor\maplibre-gl\maplibre-gl.js","06b392de571c99e242581b0f3f23893e6e95efd3656974d6edfd8f8599ddf362","1013855"
"GLOBAL_INVENTORY.md","a4c79fed7668afebf4e857ab422e70866547a8f81c10915ecc914b634bba3407","1506"
"LICENSE","f5eee63fb76b6585d82d7c3e7e7c5136331316c3256e72cb6bdf587f234d20de","1077"
"METHODS.md","0d8c314ece6e54224bc1bf70a50edf5c072eb1df09c8dfc43037f35f4c00fd42","2470"
"notebooks\cross_sensor_observability_kaggle.ipynb","5e39951e10f99339907c753ac3e73a161b09829b6d831fee49d2722700d88954","6640"
"provenance\README.md","21bad57089f7454e4de82ea06e6a22a5d4748cfe6ed10dd8e009c9d28413105f","238"
"QGIS_WORKFLOW.md","a2fbb37e4d7ea51c2d200ff3066e420a699bd0bde5c1bf0821eb5e888a015a88","2307"
"qgis\projects\omkareshwar_sentinel1_pilot.qgz","8b9b24db9c10b102fd23d169f02a317ab5d374f17b2e1d9a6e5a34cecde9e146","15092"
"qgis\projects\yamakura_positive_event_pilot.qgz","5d5b20fa3bd867349a38bc305f092d281d15060023fa89ae4775a878d53e457b","17001"
"qgis\rasters\nisar_track084_2026-07-02_rgb.tif","b9f255411e9180def9f2dbb819e7129ea4886b6370327676e33135d26c048400","218185"
"qgis\rasters\o171_s1a_20220108t112532_vh.tif","e7fb10e56f1090cf66e71d6c3bbba8e40abf4b7a9a4e8860665fb6176f8bd9a6","276600"
"qgis\rasters\o171_s1a_20220108t112532_vv.tif","e6fef06d19e85d2bcf3fc91c9f3d180cdb005aa156276c29c0fe462d77feae58","276600"
"qgis\rasters\o171_s1a_20220120t112532_vh.tif","98925f07fccaefd72e5cf8b75af79cfb0fb163dba97efc8eb405d500b603a7dc","276600"
"qgis\rasters\o171_s1a_20220120t112532_vv.tif","e24f438419812abd2a019c1a56afbddde06993262e24312867e45ec0fa1f3985","276600"
"qgis\rasters\orbit_39_2019-09-06_vv_pre_db.tif","662d16427ad2cb25e4649584966d08ff2ff5e6986ac8813b921e6f7c56aa8d42","189234"
"qgis\rasters\orbit_39_2019-09-18_vv_post_db.tif","e98edf386996efeeff762909bfcb42b18289ec03ef9b635260a32e5dbe1f03fd","190444"
"qgis\rasters\orbit_39_vv_event_difference_db.tif","ab42bf2d7ea750d5f32a1f52c0445f01f71849981a4341936d5d3128358eeda1","204807"
"qgis\rasters\piolenc_fpv_mask.tif","4677f1d84851112a9b2f6afd57a0e6759336b4e6567120ec84cf91bee27df321","1079"
"qgis\rasters\sirindhorn_fpv_mask.tif","bb9b6b1035885f42ce541c1a4d8f5db0ec5c79f6c9b82a1354a5adc8711065ae","920"
"qgis\rasters\tengeh_fpv_mask.tif","a5d7f526ca5a44e055710d384203bae201f83bfabaf4c4dee9fe3f8d5b14fb0b","1417"
"README.md","1d01b4541d231445982254ac0aff920d722dffb0fd95c9fa02675b35093c69e3","10060"
"REFERENCES.md","6d9036858a262c5eeb6d805502ba990eef6f6a6791aafd7919eb695b00ea22cd","2334"
"REPRODUCIBILITY.md","d52ffab324e7c7d2910e1fc8a9106267f13568e1d4b6f3e1a62482ddafacfff8","1358"
"requirements.txt","e86ffe5238a497e355986ca9fdc882b5724c38544f2796d43bd40ed5471cb19e","144"
"RESEARCH_REPORT.md","da7ee0c2af0c69ff2fd998a12abdad8d2edd287dbc85aa94fc6d84bb32179983","10992"
"results\figures\harmonized_20m_copol.png","e30448af0267e655fe7ef6649b75ca157392dfed2f4c91e1cb046525c9996aa2","240963"
"results\figures\harmonized_20m_dualpol_consensus.png","c570c20c247aed623ceeb7888047b1a7e5dbbb58c982b5e7b27aa0367664a248","242961"
"results\figures\matched_10m_copol.png","a990a3863c0b2f80ff2f47409803271b76715e8c04146ea14a89ce1d743d8940","186873"
"results\figures\matched_10m_dualpol_consensus.png","d88e081299daa2a9d7d8ae5fe8ee379e3c712a1d9fd2c22a8186ebb774066c4f","203181"
"results\README.md","3a6894ec4e0dc4256085e540d3728b6505b5f2c341689dd353c585418ad7b994","484"
"src\cross_sensor_inference.py","d568321c961b3f5d1ee6fb7fd733d63499a0525077fbfb912a4ff69f67287882","26540"
"src\prepare_cross_sensor_data.py","6ec98b35c7486f72c465bc6df96880e34609b241d79bf8a9e8270e6f4366d2b3","18882"
"tests\validate_release.py","2727a53d189e34badc143913f8dcec4c8783a04177e1315fb74d7cd7fc27675d","5152"
