inventory_id,source_code,continent,country,year,latitude,longitude,coordinate_hemisphere_inferred,lake_area_m2,lake_perimeter_m,fpv_area_m2,fpv_coverage_pct,shoreline_development,capacity_kwp
NOBRE-0001,1,Asia,Cambodia,2019,10.63473056,104.52410278,False,31433.00000000,857.00000000,23758.00000000,75.58000000,1.36000000,2835.00000000
NOBRE-0002,2,Asia,China,2017,34.89652500,116.83956944,False,367652.00000000,2568.00000000,211364.00000000,57.49000000,1.19000000,9982.00000000
NOBRE-0003,3,Asia,Thailand,2019,13.30560278,99.73244722,False,9566.00000000,389.00000000,5146.00000000,53.79000000,1.12000000,1261.00000000
NOBRE-0004,4,Asia,Thailand,2019,13.58772222,99.80688056,False,10071.00000000,453.00000000,6243.00000000,61.99000000,1.27000000,702.00000000
NOBRE-0005,5,Asia,Thailand,2019,13.30774722,99.73273889,False,17110.00000000,591.00000000,6451.00000000,37.70000000,1.27000000,
NOBRE-0006,6,Asia,Thailand,2019,14.62667500,101.08408333,False,19874.00000000,586.00000000,4631.00000000,23.30000000,1.17000000,498.00000000
NOBRE-0007,7,Asia,Thailand,2020,13.38828611,99.82349722,False,50789.00000000,921.00000000,20781.00000000,40.92000000,1.15000000,1988.00000000
NOBRE-0008,8,Europe,Belgium,2017,50.66923056,5.18082222,False,24910.00000000,624.00000000,9870.00000000,39.62000000,1.12000000,998.00000000
NOBRE-0009,9,Europe,Belgium,2021,51.00621111,5.69911111,False,164717.00000000,2039.00000000,50000.00000000,30.36000000,1.42000000,1006.00000000
NOBRE-0010,10,Europe,England,2016,51.39103333,-0.39316667,False,1280000.00000000,4303.00000000,61799.00000000,4.83000000,1.07000000,6338.00000000
NOBRE-0011,11,Europe,France,2022,43.28288889,1.17376944,False,108565.00000000,1817.00000000,55942.00000000,51.53000000,1.56000000,4402.00000000
NOBRE-0012,12,Europe,Germany,2020,49.12233333,8.33271667,True,182752.00000000,2118.00000000,13159.00000000,7.20000000,1.40000000,1500.00000000
NOBRE-0013,13,Europe,Germany,2019,48.64500833,7.98837778,False,399500.00000000,2644.00000000,7800.00000000,1.95000000,1.18000000,749.00000000
NOBRE-0014,14,Europe,Luxembourg,2021,49.53456944,5.90165000,False,57000.00000000,1063.00000000,25000.00000000,43.86000000,1.26000000,3049.60000000
NOBRE-0015,15,Europe,Netherlands,2018,51.92636944,5.90272500,False,34781.00000000,736.00000000,16067.00000000,46.19000000,1.11000000,1845.00000000
NOBRE-0016,16,Europe,Portugal,2016,41.73950000,-7.85761111,False,22120000.00000000,,2568.00000000,0.01000000,,218.00000000
NOBRE-0017,17,North America,USA,2020,28.64256389,-81.40375000,False,12700.00000000,523.00000000,7500.00000000,59.06000000,1.31000000,962.00000000
NOBRE-0018,18,North America,USA,2021,38.58374167,-122.86419167,False,30507.00000000,853.00000000,16907.00000000,55.42000000,1.38000000,
NOBRE-0019,19,North America,USA,2021,38.58220833,-122.86431667,True,32328.00000000,745.00000000,16546.00000000,51.18000000,1.17000000,
NOBRE-0020,20,North America,USA,2021,30.18343889,-96.99688333,False,41683.00000000,940.00000000,8536.00000000,20.48000000,1.30000000,985.00000000
NOBRE-0021,21,North America,USA,2019,40.43819167,-74.33596944,False,196600.00000000,2131.00000000,40500.00000000,20.60000000,1.36000000,4402.00000000
NOBRE-0022,22,North America,USA,2021,40.06346389,-74.33095556,False,1130988.00000000,6284.00000000,26483.00000000,2.34000000,1.67000000,3304.00000000
NOBRE-0023,23,Oceania,New Zealand,2020,-36.74584444,174.71834444,False,354916.00000000,3031.00000000,9660.00000000,2.72000000,1.44000000,1039.00000000
NOBRE-0024,24,South America,Chile,2019,-33.12834444,-70.72989722,False,10518502.00000000,26202.00000000,1100.00000000,0.01000000,2.28000000,85.00000000
NOBRE-0025,25,Asia,Taiwan,2018,23.09625556,120.26559167,False,25104.00000000,778.00000000,9205.00000000,36.67000000,1.39000000,1132.00000000
NOBRE-0026,26,Asia,Taiwan,2018,23.09514167,120.25254167,False,88440.00000000,1352.00000000,36997.00000000,41.83000000,1.28000000,4023.00000000
NOBRE-0027,27,Asia,Taiwan,2020,23.17691944,120.14879722,False,22606.00000000,679.00000000,11012.00000000,48.71000000,1.27000000,1251.00000000
NOBRE-0028,28,Asia,India,2020,8.73385000,78.12801667,False,149817.00000000,1639.00000000,112260.00000000,74.93000000,1.19000000,14800.00000000
NOBRE-0029,29,Asia,India,2021,8.73610000,78.13153056,False,120681.00000000,1357.00000000,51009.00000000,42.27000000,1.10000000,
NOBRE-0030,30,Asia,India,2020,24.36136667,88.10883611,False,105755.00000000,1528.00000000,50919.00000000,48.15000000,1.33000000,5500.00000000
NOBRE-0031,31,Asia,China,2016,32.79051944,116.85473056,True,5333847.00000000,12106.00000000,474044.00000000,8.89000000,1.48000000,40000.00000000
NOBRE-0032,32,Asia,Japan,2015,36.03042222,139.57094722,False,35813.00000000,1037.00000000,12702.00000000,35.47000000,1.55000000,1180.00000000
NOBRE-0033,33,Asia,Japan,2015,36.00979722,139.45675556,False,129300.00000000,1473.00000000,74300.00000000,57.46000000,1.16000000,7550.00000000
NOBRE-0034,34,Asia,Japan,2017,34.89754722,136.50832778,False,101568.00000000,1451.00000000,25493.00000000,25.10000000,1.28000000,2449.00000000
NOBRE-0035,35,Asia,Japan,2016,,,False,36000.00000000,,24800.00000000,68.89000000,,2398.00000000
NOBRE-0036,36,Asia,Japan,2015,34.92539722,134.85639722,False,65192.00000000,1258.00000000,25216.00000000,38.68000000,1.39000000,2313.00000000
NOBRE-0037,37,Asia,Japan,2018,34.92698889,134.85804444,False,10224.00000000,404.00000000,5802.00000000,56.75000000,1.13000000,
NOBRE-0038,38,Asia,Japan,2018,34.92632778,134.85789167,False,10202.00000000,449.00000000,6530.00000000,64.01000000,1.25000000,
NOBRE-0039,39,Asia,Japan,2019,34.92381111,134.85961111,False,23618.00000000,637.00000000,12261.00000000,51.91000000,1.17000000,
NOBRE-0040,40,Asia,Japan,2016,34.95033056,136.98777222,False,53999.00000000,919.00000000,24338.00000000,45.07000000,1.12000000,2000.00000000
NOBRE-0041,41,Asia,Japan,2016,34.89235556,134.96300556,False,44671.00000000,1151.00000000,24829.00000000,55.58000000,1.54000000,2000.00000000
NOBRE-0042,42,Asia,Japan,2016,34.76940833,135.02550000,False,39375.00000000,1241.00000000,16856.00000000,42.81000000,1.76000000,1751.00000000
NOBRE-0043,43,Asia,Japan,2020,34.77648333,135.01331389,False,28831.00000000,855.00000000,12639.00000000,43.84000000,1.42000000,
NOBRE-0044,44,Asia,Japan,2017,34.77156944,135.01130278,False,37111.00000000,724.00000000,19265.00000000,51.91000000,1.06000000,
NOBRE-0045,45,Asia,Japan,2019,34.75493611,135.00669444,False,62008.00000000,1010.00000000,27610.00000000,44.53000000,1.14000000,2703.00000000
NOBRE-0046,46,Asia,Japan,2018,34.73947500,134.98325000,False,108718.00000000,1750.00000000,24746.00000000,22.76000000,1.50000000,
NOBRE-0047,47,Asia,Japan,2017,34.73497222,134.98221667,False,20529.00000000,623.00000000,6759.00000000,32.92000000,1.23000000,
NOBRE-0048,48,Asia,Japan,2021,34.73813889,134.97124722,False,113918.00000000,1744.00000000,26422.00000000,23.19000000,1.46000000,
NOBRE-0049,49,Asia,Japan,2020,34.73474722,134.96957778,False,29365.00000000,742.00000000,14046.00000000,47.83000000,1.22000000,
NOBRE-0050,50,Asia,Japan,2020,34.72967222,134.96975833,False,23218.00000000,592.00000000,11646.00000000,50.16000000,1.10000000,
NOBRE-0051,51,Asia,Japan,2017,34.71827500,134.95927222,False,42170.00000000,820.00000000,25327.00000000,60.06000000,1.13000000,
NOBRE-0052,52,Asia,Japan,2020,34.73624167,134.95921389,False,23471.00000000,720.00000000,9256.00000000,39.44000000,1.33000000,
NOBRE-0053,53,Asia,Japan,2019,34.73336944,134.94182778,False,38372.00000000,816.00000000,20177.00000000,52.58000000,1.18000000,
NOBRE-0054,54,Asia,Japan,2016,34.73942778,134.93630833,False,112934.00000000,1656.00000000,22366.00000000,19.80000000,1.39000000,
NOBRE-0055,55,Asia,Japan,2017,34.74398889,134.93652500,False,59470.00000000,1061.00000000,14989.00000000,25.20000000,1.23000000,
NOBRE-0056,56,Asia,Japan,2017,34.74111389,134.92728333,False,158429.00000000,1721.00000000,30320.00000000,19.14000000,1.22000000,
NOBRE-0057,57,Asia,Japan,2016,34.74557222,134.91919167,False,95831.00000000,1311.00000000,23746.00000000,24.78000000,1.19000000,
NOBRE-0058,58,Asia,Japan,2020,34.74977222,134.94311667,False,138488.00000000,1786.00000000,68179.00000000,49.23000000,1.35000000,6800.00000000
NOBRE-0059,59,Asia,Japan,2020,34.75181111,134.95023611,False,33950.00000000,718.00000000,18214.00000000,53.65000000,1.10000000,
NOBRE-0060,60,Asia,Japan,2020,34.75733333,134.94534167,False,45964.00000000,873.00000000,8580.00000000,18.67000000,1.15000000,
NOBRE-0061,61,Asia,Japan,2021,34.77946389,134.94542778,False,50747.00000000,895.00000000,26641.00000000,52.50000000,1.12000000,
NOBRE-0062,62,Asia,Japan,2020,34.77401389,134.95858611,False,23303.00000000,637.00000000,5554.00000000,23.83000000,1.18000000,
NOBRE-0063,63,Asia,Japan,2020,34.77552778,134.95971944,False,19458.00000000,566.00000000,8780.00000000,45.12000000,1.14000000,
NOBRE-0064,64,Asia,Japan,2017,34.76648056,134.93026667,False,42816.00000000,787.00000000,15050.00000000,35.15000000,1.07000000,1200.00000000
NOBRE-0065,65,Asia,Japan,2016,34.76789167,134.91058333,False,51599.00000000,942.00000000,14770.00000000,28.62000000,1.17000000,
NOBRE-0066,66,Asia,Japan,2016,34.76946389,134.90960833,False,19722.00000000,567.00000000,7533.00000000,38.20000000,1.14000000,
NOBRE-0067,67,Asia,Japan,2016,34.77581111,134.90182500,False,75444.00000000,1196.00000000,23622.00000000,31.31000000,1.23000000,
NOBRE-0068,68,Asia,Japan,2017,34.77710278,134.91587500,False,82900.00000000,1241.00000000,22287.00000000,26.88000000,1.22000000,
NOBRE-0069,69,Asia,China,2018,32.82702778,116.29873333,False,5221926.00000000,10344.00000000,1330786.00000000,25.48000000,1.28000000,130000.00000000
NOBRE-0070,70,Asia,China,2018,34.93181111,117.01750833,False,3492735.00000000,13287.00000000,880447.00000000,25.21000000,2.01000000,100000.00000000
NOBRE-0071,71,Asia,China,2018,34.93936667,116.98945556,False,1289546.00000000,6192.00000000,516803.00000000,40.08000000,1.54000000,50000.00000000
NOBRE-0072,72,Asia,China,2017,33.48860278,116.75902500,False,1692917.00000000,7939.00000000,415871.00000000,24.57000000,1.72000000,40000.00000000
NOBRE-0073,73,Asia,China,2017,33.45922778,116.75761111,False,1920007.00000000,6415.00000000,686144.00000000,35.74000000,1.31000000,60000.00000000
NOBRE-0074,74,Asia,China,2016,32.61313611,116.87704167,False,484075.00000000,4267.00000000,266737.00000000,55.10000000,1.73000000,20000.00000000
NOBRE-0075,75,Asia,China,2015,31.14030556,118.34054167,False,409096.00000000,9568.00000000,99345.00000000,24.28000000,4.22000000,8500.00000000
NOBRE-0076,76,Asia,China,2018,34.90342778,117.01262778,False,925937.00000000,4027.00000000,301646.00000000,32.58000000,1.18000000,32000.00000000
NOBRE-0077,77,Asia,China,2017,33.62371111,116.61618889,False,2244497.00000000,9302.00000000,1134750.00000000,50.56000000,1.75000000,100000.00000000
NOBRE-0078,78,Asia,China,2017,32.73409722,116.58075556,False,2517223.00000000,7075.00000000,236261.00000000,9.39000000,1.26000000,20000.00000000
NOBRE-0079,79,Asia,China,2021,37.32946111,116.42344167,False,4617481.00000000,8822.00000000,2758717.00000000,59.75000000,1.16000000,320000.00000000
NOBRE-0080,80,Asia,Japan,2015,,,False,,,,,,1700.00000000
NOBRE-0081,81,Asia,Japan,2015,,,False,,,,,,1700.00000000
NOBRE-0082,82,Asia,Japan,2015,,,False,,,,,,1500.00000000
NOBRE-0083,83,Asia,Japan,2015,,,False,116600.00000000,,16900.00000000,14.49000000,,1485.00000000
NOBRE-0084,84,Asia,Japan,2015,,,False,,,,,,1430.00000000
NOBRE-0085,85,Asia,Japan,2015,,,False,,,,,,1330.00000000
NOBRE-0086,86,Asia,Japan,2016,,,False,,,,,,1260.00000000
NOBRE-0087,87,Asia,South Korea,2015,36.49108889,128.12267778,False,1180927.00000000,11173.00000000,31870.00000000,2.70000000,2.90000000,3000.00000000
NOBRE-0088,88,Asia,South Korea,2015,36.55489444,128.10965556,False,457972.00000000,5997.00000000,31906.00000000,6.97000000,2.50000000,3000.00000000
NOBRE-0089,89,Europe,England,2016,53.45467778,-2.05381667,False,54325.00000000,905.00000000,28346.00000000,52.18000000,1.10000000,2991.00000000
NOBRE-0090,90,Asia,South Korea,2015,36.74152500,127.40506389,False,900764.00000000,10577.00000000,53042.00000000,5.89000000,3.14000000,495.00000000
NOBRE-0091,91,North America,USA,2007,38.42193889,-122.40856111,False,4584.00000000,260.00000000,3128.00000000,68.24000000,1.08000000,175.00000000
NOBRE-0092,92,Europe,England,2015,53.43425833,-0.92326111,False,36986.00000000,762.00000000,4893.00000000,13.23000000,1.12000000,471.00000000
NOBRE-0093,93,Europe,Italy,2016,41.45143056,13.69057222,False,2526.00000000,202.00000000,1075.00000000,42.56000000,1.13000000,343.00000000
NOBRE-0094,94,Europe,England,2014,51.49116667,-0.86590278,False,14545.00000000,498.00000000,2135.00000000,14.68000000,1.16000000,200.00000000
NOBRE-0095,95,Asia,Malaysia,2015,2.77866944,101.74075833,False,518866.00000000,3148.00000000,1402.00000000,0.27000000,1.23000000,108.00000000
NOBRE-0096,96,Europe,England,2015,52.40396389,1.66614444,False,56642.00000000,959.00000000,1119.00000000,1.98000000,1.14000000,100.00000000
NOBRE-0097,97,Europe,England,2015,52.39071944,1.67986111,False,39138.00000000,781.00000000,1116.00000000,2.85000000,1.11000000,100.00000000
NOBRE-0098,98,Europe,England,2015,52.36934167,1.68460556,False,15948.00000000,543.00000000,1113.00000000,6.98000000,1.21000000,100.00000000
NOBRE-0099,99,Europe,England,2015,,,False,20218.00000000,,404.36000000,2.00000000,,50.00000000
NOBRE-0100,100,Asia,Israel,2014,32.75179722,35.25832500,False,47431.00000000,836.00000000,8690.00000000,18.32000000,1.08000000,50.00000000
NOBRE-0101,101,Europe,Netherlands,2016,53.21161389,6.49038333,False,8517.00000000,367.00000000,40.80000000,0.48000000,1.12000000,
NOBRE-0102,102,Asia,Israel,2015,,,False,48900.00000000,,398.40000000,0.81000000,,22.00000000
NOBRE-0103,103,Europe,France,2019,44.15545278,4.72570278,False,453404.00000000,3489.00000000,165315.00000000,36.46000000,1.46000000,17015.00000000
NOBRE-0104,104,Europe,Sweden,2015,57.11180000,14.17369444,False,1068.00000000,147.00000000,184.00000000,17.23000000,1.27000000,13.00000000
NOBRE-0105,105,North America,USA,2016,38.40468889,-122.53792222,False,4433.00000000,298.00000000,123.00000000,2.77000000,1.26000000,10.00000000
NOBRE-0106,106,Asia,India,2015,22.59847500,88.46705833,False,490399.00000000,3202.00000000,388.20000000,0.08000000,1.29000000,10.00000000
NOBRE-0107,107,Asia,Singapore,2013,1.36491111,103.83708333,False,,,,,,
NOBRE-0108,108,Asia,Japan,2015,34.93668611,134.89396667,False,26305.00000000,679.00000000,13285.00000000,50.50000000,1.18000000,1700.00000000
NOBRE-0109,109,Asia,Japan,2015,34.92897222,134.91210833,False,20766.00000000,598.00000000,13268.00000000,63.89000000,1.17000000,1200.00000000
NOBRE-0110,110,Asia,Japan,2019,34.93621944,134.89059444,False,16552.00000000,811.00000000,9992.00000000,60.37000000,1.78000000,
NOBRE-0111,111,Asia,Japan,2021,34.93709444,134.90071944,False,15267.00000000,518.00000000,6853.00000000,44.89000000,1.18000000,
NOBRE-0112,112,Asia,Japan,2019,34.93953611,134.86948056,False,18992.00000000,769.00000000,8299.00000000,43.70000000,1.57000000,
NOBRE-0113,113,Asia,Japan,2020,34.93900556,134.87682500,False,5405.00000000,303.00000000,2339.00000000,43.27000000,1.16000000,
NOBRE-0114,114,Asia,Japan,2020,34.94856111,134.87038889,False,17304.00000000,538.00000000,7442.00000000,43.01000000,1.15000000,
NOBRE-0115,115,Asia,Japan,2018,34.95423889,134.87437778,False,10372.00000000,400.00000000,5800.00000000,55.92000000,1.11000000,
NOBRE-0116,116,Asia,Japan,2016,34.95879722,134.88897222,False,25219.00000000,783.00000000,5714.00000000,22.66000000,1.39000000,
NOBRE-0117,117,Asia,Japan,2021,34.93936111,134.89485556,False,12351.00000000,540.00000000,5664.00000000,45.86000000,1.37000000,
NOBRE-0118,118,Asia,Japan,2016,34.91124444,134.85393611,False,56075.00000000,1530.00000000,15071.00000000,26.88000000,1.82000000,
NOBRE-0119,119,Asia,Japan,2016,34.89958056,134.83625278,False,20049.00000000,682.00000000,7714.00000000,38.48000000,1.36000000,
NOBRE-0120,120,Asia,Japan,2016,34.89979167,134.83453889,False,11802.00000000,467.00000000,3885.00000000,32.92000000,1.21000000,
NOBRE-0121,121,Asia,Japan,2019,34.90726667,134.85068889,False,22536.00000000,1016.00000000,1151.00000000,5.11000000,1.91000000,
NOBRE-0122,122,Asia,Japan,2017,34.92376667,134.78699444,False,26423.00000000,847.00000000,13371.00000000,50.60000000,1.47000000,
NOBRE-0123,123,Asia,Japan,2016,34.90708056,134.76046667,False,31414.00000000,702.00000000,19223.00000000,61.19000000,1.12000000,1714.00000000
NOBRE-0124,124,Asia,Japan,2016,34.92543333,134.76661944,False,112930.00000000,1355.00000000,39486.00000000,34.97000000,1.14000000,
NOBRE-0125,125,Asia,Japan,2016,34.95051389,134.77268889,False,71926.00000000,1144.00000000,24941.00000000,34.68000000,1.20000000,1992.00000000
NOBRE-0126,126,Asia,Japan,2016,34.94828611,134.77278333,False,34911.00000000,833.00000000,9191.00000000,26.33000000,1.26000000,809.00000000
NOBRE-0127,127,Asia,China,2020,30.76134722,116.99323056,False,978717.00000000,11479.00000000,173855.00000000,17.76000000,3.27000000,20000.00000000
NOBRE-0128,128,Asia,China,2022,22.85996667,109.47578611,False,20000000.00000000,,253588.00000000,1.27000000,,40000.00000000
NOBRE-0129,129,Asia,China,2019,29.48769444,113.22090556,False,739327.00000000,7139.00000000,166343.00000000,22.50000000,2.34000000,20000.00000000
NOBRE-0130,130,Asia,China,2020,40.11875000,116.49687500,False,148155.00000000,2102.00000000,53578.00000000,36.16000000,1.54000000,5500.00000000
NOBRE-0131,131,Asia,China,2019,46.19924167,127.45673611,False,15702.00000000,545.00000000,6272.00000000,39.94000000,1.23000000,500.00000000
NOBRE-0132,132,Asia,China,2018,46.12723056,124.58485556,False,8448905.00000000,14047.00000000,333.00000000,0.00000000,1.36000000,300.00000000
NOBRE-0133,133,Asia,China,2017,33.75454722,114.91782500,False,6189.00000000,341.00000000,1829.00000000,29.55000000,1.22000000,200.00000000
NOBRE-0134,134,Asia,China,2020,31.62177222,119.16506944,False,199794.00000000,2642.00000000,115.00000000,0.06000000,1.67000000,
NOBRE-0135,135,Asia,China,2018,31.62574722,119.17897222,False,17344.00000000,636.00000000,1435.00000000,8.27000000,1.36000000,
NOBRE-0136,136,Asia,China,2016,32.66386389,119.20174167,False,17709.00000000,538.00000000,11211.00000000,63.31000000,1.14000000,2000.00000000
NOBRE-0137,137,Asia,China,2020,33.40387778,116.98255000,False,340820.00000000,3156.00000000,27386.00000000,8.04000000,1.52000000,
NOBRE-0138,138,Asia,Japan,2021,35.49503611,140.12818056,False,559107.00000000,8629.00000000,93378.00000000,16.70000000,3.26000000,13744.00000000
NOBRE-0139,139,North America,USA,2008,38.27375000,-122.42334167,False,1807.00000000,155.00000000,497.00000000,27.50000000,1.03000000,30.00000000
NOBRE-0140,140,Europe,Italy,2009,44.42558611,11.78255833,False,381871.00000000,2605.00000000,5231.00000000,1.37000000,1.19000000,500.00000000
NOBRE-0141,141,Europe,Italy,2009,,,False,,,,,,20.00000000
NOBRE-0142,142,Europe,Italy,2013,43.02752222,10.70541944,False,8824.00000000,384.00000000,3678.00000000,41.68000000,1.15000000,200.00000000
NOBRE-0143,143,Europe,Italy,2011,,,False,,,,,,
NOBRE-0144,144,Asia,South Korea,2015,,,False,,,,,,
NOBRE-0145,145,Asia,India,2023,9.24391111,76.43103333,False,887055.00000000,5600.00000000,201449.00000000,22.71000000,1.68000000,44995.00000000
NOBRE-0146,145,Asia,South Korea,2021,35.57774722,128.03835278,False,38900000.00000000,,450549.00000000,1.16000000,,41000.00000000
NOBRE-0147,146,Asia,India,2023,9.23429167,76.43499444,False,710527.00000000,3795.00000000,259471.00000000,36.52000000,1.27000000,44970.00000000
NOBRE-0148,147,Asia,India,2016,,,False,,,,,,
NOBRE-0149,148,South America,Brazil,2018,-16.88610278,-47.56345278,False,5237.00000000,316.00000000,3274.00000000,62.52000000,1.23000000,305.00000000
NOBRE-0150,149,South America,Brazil,2023,-16.62404167,-43.30832778,False,,,11000.00000000,30.00000000,,1200.00000000
NOBRE-0151,150,Europe,Portugal,2022,38.19707222,-7.49777500,False,250000000.00000000,,40000.00000000,0.02000000,,4000.00000000
NOBRE-0152,151,Asia,China,2021,32.81582500,117.75435278,False,155763.00000000,1776.00000000,25899.00000000,16.63000000,1.27000000,3000.00000000
NOBRE-0153,152,Asia,Israel,2021,32.89153333,35.10703611,False,18541.00000000,587.00000000,4251.00000000,22.93000000,1.22000000,
NOBRE-0154,153,Asia,Israel,2021,32.89090556,35.10780000,False,16915.00000000,571.00000000,4335.00000000,25.63000000,1.24000000,
NOBRE-0155,154,Asia,Israel,2021,32.89015000,35.10730278,False,13652.00000000,533.00000000,3173.00000000,23.24000000,1.29000000,
NOBRE-0156,155,Asia,Israel,2021,32.88983056,35.11078889,False,39944.00000000,920.00000000,10623.00000000,26.59000000,1.30000000,
NOBRE-0157,156,Asia,Israel,2021,32.88983056,35.11078889,False,39542.00000000,905.00000000,10946.00000000,27.68000000,1.28000000,
NOBRE-0158,157,Asia,Israel,2021,32.89054722,35.11197500,False,37247.00000000,862.00000000,10044.00000000,26.97000000,1.26000000,
NOBRE-0159,158,Asia,Israel,2021,32.89055833,35.11318056,False,36744.00000000,854.00000000,9623.00000000,26.19000000,1.26000000,
NOBRE-0160,159,Asia,Israel,2021,32.89007778,35.11466667,False,38416.00000000,895.00000000,10253.00000000,26.69000000,1.29000000,
NOBRE-0161,160,Asia,Israel,2021,32.89020833,35.11594444,False,37707.00000000,903.00000000,10399.00000000,27.58000000,1.31000000,
NOBRE-0162,161,Asia,Israel,2021,,,False,,,,70.00000000,,
NOBRE-0163,162,Asia,Israel,2021,32.44245000,34.96806944,False,72879.00000000,1362.00000000,39297.00000000,53.92000000,1.42000000,
NOBRE-0164,163,Asia,Israel,2021,32.44061667,34.96773056,False,13710.00000000,445.00000000,2818.00000000,20.55000000,1.07000000,
NOBRE-0165,164,Europe,Netherlands,2020,52.54571111,6.15354444,False,630000.00000000,3679.00000000,182500.00000000,28.97000000,1.31000000,27400.00000000
NOBRE-0166,165,Europe,France,2023,44.37119444,0.50135278,False,100000.00000000,1645.00000000,28000.00000000,28.00000000,1.47000000,3500.00000000
NOBRE-0167,166,Asia,Israel,2019,32.78124722,35.10413333,False,70000.00000000,1073.00000000,5100.00000000,7.29000000,1.14000000,522.00000000
NOBRE-0168,167,North America,USA,2020,28.46961389,-81.46347222,False,37007.00000000,785.00000000,2361.00000000,6.38000000,1.15000000,249.00000000
NOBRE-0169,168,North America,USA,2020,28.41648056,-81.30865278,False,75000.00000000,1159.00000000,1500.00000000,2.00000000,1.19000000,135.00000000
NOBRE-0170,169,North America,USA,2020,25.78451667,-80.27161944,False,113000.00000000,,1800.00000000,1.59000000,,150.00000000
NOBRE-0171,170,Europe,France,2021,43.32091389,1.19679722,False,91676.00000000,1371.00000000,50909.68000000,55.53000000,1.28000000,
NOBRE-0172,171,Europe,France,2022,43.30732222,1.19094167,False,109506.00000000,2162.00000000,44112.89000000,40.28000000,1.84000000,
NOBRE-0173,172,Asia,Taiwan,2017,25.00646944,121.05156667,False,35922.00000000,788.00000000,4706.00000000,13.10000000,1.17000000,481.00000000
NOBRE-0174,173,Asia,Taiwan,2019,22.81159444,120.35109444,False,4050000.00000000,,91900.00000000,2.27000000,,9994.00000000
NOBRE-0175,174,Asia,Taiwan,2018,24.10157222,120.44406389,False,6800.00000000,453.00000000,4600.00000000,67.65000000,1.55000000,499.00000000
NOBRE-0176,175,Asia,Taiwan,2018,,,False,33000.00000000,,18700.00000000,56.67000000,,1996.00000000
NOBRE-0177,176,Asia,Taiwan,2018,23.02353056,120.31981944,False,42000.00000000,802.00000000,15900.00000000,37.86000000,1.10000000,1998.00000000
NOBRE-0178,177,Asia,Taiwan,2019,22.63472222,120.38176111,False,12000.00000000,493.00000000,7400.00000000,61.67000000,1.27000000,842.00000000
NOBRE-0179,178,Asia,Taiwan,2020,23.43604722,120.44520556,False,98015.00000000,1330.00000000,37200.00000000,37.95000000,1.20000000,4363.00000000
NOBRE-0180,179,Asia,Taiwan,2021,22.76055278,120.27762222,False,87000.00000000,,34000.00000000,39.08000000,,4138.00000000
NOBRE-0181,180,Asia,Taiwan,2021,,,False,307000.00000000,,155000.00000000,50.49000000,,21571.00000000
NOBRE-0182,181,Asia,Taiwan,2021,23.91862222,120.43071389,False,297000.00000000,2640.00000000,185000.00000000,62.29000000,1.37000000,22752.00000000
NOBRE-0183,182,Asia,Taiwan,2021,23.91779167,120.42626944,False,226000.00000000,2977.00000000,86000.00000000,38.05000000,1.77000000,10266.00000000
NOBRE-0184,183,Asia,Japan,2019,34.55565000,135.83116389,False,16600.00000000,534.00000000,11600.00000000,69.88000000,1.17000000,1229.00000000
NOBRE-0185,184,Asia,Japan,2020,34.27067500,134.76755000,False,44000.00000000,917.00000000,20700.00000000,47.05000000,1.23000000,2290.00000000
NOBRE-0186,185,Asia,Japan,2018,34.25661944,134.03829167,False,78453.00000000,1935.00000000,21629.00000000,27.57000000,1.95000000,2242.00000000
NOBRE-0187,186,Asia,Japan,2018,34.80210556,136.44307222,False,57000.00000000,1224.00000000,25000.00000000,43.86000000,1.45000000,2548.00000000
NOBRE-0188,187,Asia,Japan,2016,34.09705833,134.22983333,False,11900.00000000,496.00000000,6800.00000000,57.14000000,1.28000000,631.00000000
NOBRE-0189,188,Asia,Japan,2019,,,False,7700.00000000,,3500.00000000,45.45000000,,320.00000000
NOBRE-0190,189,Asia,Thailand,2020,,,False,45000.00000000,,5000.00000000,11.11000000,,478.00000000
NOBRE-0191,190,Asia,Thailand,2020,,,False,630000.00000000,,1300.00000000,0.21000000,,117.00000000
NOBRE-0192,191,Asia,China,2018,33.56531389,117.13581111,False,1300000.00000000,,635800.00000000,48.91000000,,70005.00000000
NOBRE-0193,192,Europe,Netherlands,2017,52.43160278,4.81451667,False,2500.00000000,383.00000000,400.00000000,16.00000000,2.16000000,26.00000000
NOBRE-0194,193,North America,USA,2017,28.50232778,-81.42184167,False,12200.00000000,547.00000000,440.00000000,3.61000000,1.40000000,32.00000000
NOBRE-0195,194,North America,Panama,2017,9.00870278,-79.59687778,False,144000.00000000,,300.00000000,0.21000000,,24.00000000
NOBRE-0196,195,Asia,China,2018,,,False,700000.00000000,,68900.00000000,9.84000000,,6776.00000000
NOBRE-0197,196,Oceania,Australia,2018,-28.84468611,153.28788056,False,41300.00000000,825.00000000,1100.00000000,2.66000000,1.15000000,100.00000000
NOBRE-0198,197,Asia,Japan,2017,34.85404722,134.84627500,False,51600.00000000,1066.00000000,23400.00000000,45.35000000,1.32000000,2297.00000000
NOBRE-0199,198,Asia,Japan,2017,34.77521111,135.01745833,False,19700.00000000,627.00000000,13400.00000000,68.02000000,1.26000000,1261.00000000
NOBRE-0200,199,Asia,Japan,2017,34.10243889,134.24370833,False,32400.00000000,796.00000000,14500.00000000,44.75000000,1.25000000,1426.00000000
NOBRE-0201,200,Asia,Japan,2016,34.75256667,135.00226667,False,84400.00000000,1285.00000000,12900.00000000,15.28000000,1.25000000,1212.00000000
NOBRE-0202,201,Asia,Japan,2016,34.75296389,135.00435556,False,39900.00000000,846.00000000,12800.00000000,32.08000000,1.19000000,1203.00000000
NOBRE-0203,202,Asia,Japan,2016,34.93279167,134.76700833,False,62800.00000000,990.00000000,11900.00000000,18.95000000,1.11000000,1078.00000000
NOBRE-0204,203,Asia,Japan,2016,34.93528056,134.76981389,False,170502.00000000,1961.00000000,24800.00000000,14.55000000,1.34000000,2156.00000000
NOBRE-0205,204,Asia,Japan,2015,,,False,15800.00000000,,11400.00000000,72.15000000,,1008.00000000
NOBRE-0206,205,Asia,Japan,2015,34.93190000,134.90781111,False,32231.00000000,716.00000000,18209.00000000,56.50000000,1.13000000,2870.00000000
NOBRE-0207,206,Asia,Japan,2018,34.56286389,135.81868889,False,12957.00000000,451.00000000,8190.00000000,63.21000000,1.12000000,807.00000000
NOBRE-0208,207,Asia,Japan,2018,34.56206111,135.81748333,True,9497.00000000,401.00000000,5142.00000000,54.14000000,1.16000000,503.00000000
NOBRE-0209,208,Asia,Japan,2018,34.54912500,135.83098889,False,7479.00000000,334.00000000,5032.00000000,67.28000000,1.09000000,497.00000000
NOBRE-0210,209,Asia,Japan,2018,34.59912222,135.80240556,False,19176.00000000,599.00000000,10403.00000000,54.25000000,1.22000000,973.00000000
NOBRE-0211,210,Asia,Japan,2016,34.61356667,135.75943333,False,13483.00000000,466.00000000,5329.00000000,39.52000000,1.13000000,
NOBRE-0212,211,Asia,Japan,2016,34.61495278,135.75942500,False,7343.00000000,328.00000000,3854.00000000,52.49000000,1.08000000,
NOBRE-0213,212,Asia,Japan,2019,34.62502778,135.76913056,False,13630.00000000,493.00000000,4876.00000000,35.77000000,1.19000000,
NOBRE-0214,213,Asia,Japan,2021,34.63439444,135.78137500,False,11722.00000000,434.00000000,5955.00000000,50.80000000,1.13000000,
NOBRE-0215,214,Asia,Japan,2022,34.63752222,135.77225556,False,17212.00000000,622.00000000,6401.00000000,37.19000000,1.34000000,
NOBRE-0216,215,Asia,Japan,2018,34.64052222,135.76573611,False,11490.00000000,430.00000000,4776.00000000,41.57000000,1.13000000,
NOBRE-0217,216,Asia,Japan,2018,34.62084167,135.80925833,False,19654.00000000,652.00000000,9071.00000000,46.15000000,1.31000000,
NOBRE-0218,217,Asia,Japan,2018,34.62249167,135.81111667,False,26847.00000000,849.00000000,16968.00000000,63.20000000,1.46000000,
NOBRE-0219,218,Asia,Japan,2020,34.62572222,135.80604722,False,10159.00000000,401.00000000,4356.00000000,42.88000000,1.12000000,
NOBRE-0220,219,Asia,Japan,2021,34.61428056,135.81771111,False,18618.00000000,541.00000000,8300.00000000,44.58000000,1.12000000,
NOBRE-0221,220,Asia,Japan,2015,34.59615278,135.81465000,False,18073.00000000,596.00000000,12400.00000000,68.61000000,1.25000000,
NOBRE-0222,221,Asia,Japan,2022,34.56156111,135.80989722,False,13030.00000000,435.00000000,5190.00000000,39.83000000,1.08000000,
NOBRE-0223,222,Asia,Taiwan,2020,22.63853611,120.37923611,False,13484.00000000,571.00000000,6544.00000000,48.53000000,1.39000000,
NOBRE-0224,223,Asia,China,2018,,,False,1670000.00000000,,335000.00000000,20.06000000,,32686.00000000
NOBRE-0225,224,Asia,Japan,2016,34.09995556,134.29716944,False,11283.00000000,441.00000000,7178.00000000,63.62000000,1.17000000,691.00000000
NOBRE-0226,225,Europe,Netherlands,2020,51.90597778,4.53215556,False,38088.00000000,794.00000000,9409.00000000,24.70000000,1.15000000,6000.00000000
NOBRE-0227,226,Europe,Netherlands,2021,52.32788889,4.66142222,False,77862.00000000,1992.00000000,20532.00000000,26.37000000,2.01000000,27000.00000000
NOBRE-0228,227,Asia,China,2018,32.82641111,116.82826389,False,1334276.00000000,5196.00000000,671221.00000000,50.31000000,1.27000000,
NOBRE-0229,228,Asia,China,2018,32.82432778,116.84598056,True,495059.00000000,3093.00000000,233548.00000000,47.18000000,1.24000000,
NOBRE-0230,229,Asia,China,2018,32.81521667,116.86774722,True,985207.00000000,4522.00000000,362254.00000000,36.77000000,1.29000000,
NOBRE-0231,230,Asia,China,2018,32.79426667,116.86514722,True,1266175.00000000,5385.00000000,99179.00000000,7.83000000,1.35000000,
NOBRE-0232,231,Asia,China,2020,32.61313611,116.87704167,False,484075.00000000,4267.00000000,57285.00000000,11.83000000,1.73000000,
NOBRE-0233,232,Asia,China,2020,32.62064167,116.87682222,False,445635.00000000,3996.00000000,29455.00000000,6.61000000,1.69000000,
NOBRE-0234,233,Asia,China,2020,32.61772500,116.88180833,False,43927.00000000,857.00000000,30442.00000000,69.30000000,1.15000000,
NOBRE-0235,234,Asia,China,2020,32.62225278,116.88245556,False,402482.00000000,3647.00000000,199125.00000000,49.47000000,1.62000000,
NOBRE-0236,235,Asia,China,2020,32.62208056,116.88750278,False,88314.00000000,1297.00000000,39400.00000000,44.61000000,1.23000000,
NOBRE-0237,236,Asia,China,2020,32.63206389,116.89000000,False,1068722.00000000,7036.00000000,181455.00000000,16.98000000,1.92000000,
NOBRE-0238,237,Asia,China,2022,36.51599167,115.76484167,False,1988874.00000000,6191.00000000,1258046.00000000,63.25000000,1.24000000,
NOBRE-0239,238,Asia,China,2022,36.51117778,115.77109722,False,424350.00000000,2563.00000000,246150.00000000,58.01000000,1.11000000,
NOBRE-0240,239,Asia,China,2018,33.46073333,117.00023333,False,5989.00000000,360.00000000,3208.00000000,53.56000000,1.31000000,
NOBRE-0241,240,Asia,China,2018,33.45630833,117.00513056,False,19508.00000000,777.00000000,12209.00000000,62.58000000,1.57000000,
NOBRE-0242,241,Asia,China,2017,32.84192778,116.55060833,False,2873584.00000000,8860.00000000,1087337.00000000,37.84000000,1.47000000,
NOBRE-0243,242,Asia,China,2017,32.84311389,116.57710556,False,7592263.00000000,13483.00000000,383011.00000000,5.04000000,1.38000000,
NOBRE-0244,243,Asia,China,2017,32.71215833,116.52360833,False,974446.00000000,4876.00000000,498601.00000000,51.17000000,1.39000000,
NOBRE-0245,244,Asia,China,2017,32.70773333,116.54336667,False,1090390.00000000,4973.00000000,526326.00000000,48.27000000,1.34000000,
NOBRE-0246,245,Europe,France,2022,43.65336667,5.57253333,False,622865.00000000,4430.00000000,127000.00000000,25.00000000,1.58000000,147000.00000000
NOBRE-0247,246,North America,USA,2020,38.53839444,-122.81489167,False,71554.00000000,1093.00000000,16101.00000000,22.50000000,1.15000000,1785.00000000
NOBRE-0248,247,Asia,China,2017,29.55582778,119.56083889,False,270221.00000000,2234.00000000,212361.00000000,78.59000000,1.21000000,20000.00000000
NOBRE-0249,248,Asia,Taiwan,2018,23.04173056,120.33825556,False,105036.00000000,1939.00000000,16678.00000000,15.88000000,1.69000000,199.20000000
NOBRE-0250,249,Asia,Taiwan,2021,23.23107222,120.09703333,False,34861.00000000,712.00000000,27869.00000000,79.94000000,1.08000000,
NOBRE-0251,250,Asia,Taiwan,2021,23.23218889,120.09908611,False,42167.00000000,845.00000000,30012.00000000,71.17000000,1.16000000,
NOBRE-0252,251,Asia,Taiwan,2021,23.23213333,120.09730278,False,6481.00000000,338.00000000,3483.00000000,53.74000000,1.18000000,
NOBRE-0253,252,Asia,China,2018,33.85670000,120.13046667,False,30605.00000000,766.00000000,25973.00000000,84.87000000,1.24000000,
NOBRE-0254,253,Asia,China,2018,33.85814444,120.13289167,False,36840.00000000,889.00000000,33074.00000000,89.78000000,1.31000000,
NOBRE-0255,254,Asia,China,2018,33.85942500,120.13486944,False,31199.00000000,736.00000000,27354.00000000,87.68000000,1.18000000,
NOBRE-0256,255,Asia,China,2018,33.86148333,120.13718889,False,33307.00000000,896.00000000,26428.00000000,79.35000000,1.38000000,
NOBRE-0257,256,Asia,China,2018,33.86475278,120.13898056,False,71103.00000000,1176.00000000,63537.00000000,89.36000000,1.24000000,
NOBRE-0258,257,Asia,China,2018,33.86753333,120.14013056,False,21845.00000000,594.00000000,18331.00000000,83.91000000,1.13000000,
NOBRE-0259,258,Asia,China,2018,33.87024167,120.14029722,False,16506.00000000,514.00000000,10754.00000000,65.15000000,1.13000000,
NOBRE-0260,259,Asia,China,2018,33.86144722,120.13725278,False,17369.00000000,548.00000000,11081.00000000,63.80000000,1.17000000,
NOBRE-0261,260,Asia,China,2018,23.63433333,107.02900556,False,538837.00000000,7268.00000000,286911.00000000,53.25000000,2.79000000,30000.00000000
NOBRE-0262,261,Asia,Taiwan,2018,23.22505833,120.33443611,False,39517.00000000,1342.00000000,12848.00000000,32.51000000,1.90000000,1900.00000000
NOBRE-0263,262,Asia,Taiwan,2018,23.28443611,120.35797778,False,29499.00000000,800.00000000,9129.00000000,30.95000000,1.31000000,
NOBRE-0264,263,Asia,Taiwan,2018,23.27015278,120.35165278,False,71403.00000000,1330.00000000,31539.00000000,44.17000000,1.40000000,
NOBRE-0265,264,Asia,Taiwan,2018,23.10776389,120.25713056,False,176945.00000000,2439.00000000,52837.00000000,29.86000000,1.64000000,5980.00000000
NOBRE-0266,265,Asia,Taiwan,2021,23.39445556,120.23023611,False,342097.00000000,3433.00000000,160104.00000000,46.80000000,1.66000000,21200.00000000
NOBRE-0267,266,Asia,Taiwan,2022,23.43467222,120.30210833,False,100764.00000000,1474.00000000,56914.00000000,56.48000000,1.31000000,7030.00000000
NOBRE-0268,267,Asia,Taiwan,2021,23.37175278,120.23584722,False,268372.00000000,3244.00000000,153380.00000000,57.15000000,1.77000000,18400.00000000
NOBRE-0269,268,Asia,Taiwan,2021,23.41378889,120.22856944,False,114941.00000000,1692.00000000,55749.00000000,48.50000000,1.41000000,6050.00000000
NOBRE-0270,269,Asia,Taiwan,2020,23.31763611,120.16726667,False,713511.00000000,5155.00000000,300906.00000000,42.17000000,1.72000000,35500.00000000
NOBRE-0271,270,Asia,Taiwan,2018,23.53368889,120.49287222,False,133283.00000000,2680.00000000,19731.00000000,14.80000000,2.07000000,1972.00000000
NOBRE-0272,271,Asia,Taiwan,2020,22.53672500,120.38736667,False,529537.00000000,6255.00000000,16594.00000000,3.13000000,2.42000000,2000.00000000
NOBRE-0273,272,Asia,Taiwan,2018,22.81378056,120.24539722,False,76036.00000000,1052.00000000,38971.00000000,51.25000000,1.08000000,2000.00000000
NOBRE-0274,273,Asia,Taiwan,2018,22.86180833,120.27665556,False,59772.00000000,2171.00000000,14867.00000000,24.87000000,2.50000000,1600.00000000
NOBRE-0275,274,Asia,Taiwan,2019,22.77336389,120.28571667,False,31107.00000000,704.00000000,12680.00000000,40.76000000,1.13000000,
NOBRE-0276,275,Asia,Taiwan,2019,22.77336389,120.28571667,False,36494.00000000,774.00000000,17617.00000000,48.27000000,1.14000000,
NOBRE-0277,276,Asia,Taiwan,2021,22.76055278,120.27762222,False,58894.00000000,1531.00000000,30843.00000000,52.37000000,1.78000000,4090.00000000
NOBRE-0278,277,Asia,Taiwan,2020,22.83470833,120.31909167,False,133410.00000000,1455.00000000,49458.00000000,37.07000000,1.12000000,5900.00000000
NOBRE-0279,278,Asia,Taiwan,2022,22.82633889,120.29622778,False,104584.00000000,1332.00000000,45821.00000000,43.81000000,1.16000000,5000.00000000
NOBRE-0280,279,Asia,Taiwan,2021,22.47163889,120.48325556,False,64359.00000000,1036.00000000,30291.00000000,47.07000000,1.15000000,4410.00000000
NOBRE-0281,280,Asia,Taiwan,2017,22.46606389,120.48071389,False,23902.00000000,914.00000000,4950.00000000,20.71000000,1.67000000,500.00000000
NOBRE-0282,281,Asia,Taiwan,2017,22.47539444,120.44955833,False,23458.00000000,950.00000000,4876.00000000,20.79000000,1.75000000,500.00000000
NOBRE-0283,282,Europe,Netherlands,2022,52.51781111,6.69907222,False,196227.00000000,1810.00000000,98804.00000000,50.35000000,1.15000000,15700.00000000
NOBRE-0284,283,Europe,Netherlands,2022,52.48181111,6.14203333,False,349436.00000000,2909.00000000,99409.00000000,28.45000000,1.39000000,14500.00000000
NOBRE-0285,284,Europe,Netherlands,2022,53.06583889,6.03584722,False,436320.00000000,3679.00000000,83304.00000000,19.09000000,1.57000000,13500.00000000
NOBRE-0286,285,Europe,Netherlands,2022,53.08992778,6.63236111,False,298920.00000000,2823.00000000,98320.00000000,32.89000000,1.46000000,6600.00000000
NOBRE-0287,286,Europe,France,2022,46.38323611,0.45922778,False,47337.00000000,940.00000000,28420.00000000,60.04000000,1.22000000,2700.00000000
NOBRE-0288,287,Asia,Japan,2019,34.72601389,134.16273333,False,40132.00000000,950.00000000,20270.00000000,50.51000000,1.34000000,2600.00000000
NOBRE-0289,288,Asia,Japan,2019,34.80842500,134.09220833,False,63693.00000000,1229.00000000,25119.00000000,39.44000000,1.37000000,2449.00000000
NOBRE-0290,289,Asia,Israel,2021,32.43784167,35.55188611,False,231795.00000000,1966.00000000,57013.00000000,24.60000000,1.15000000,
NOBRE-0291,290,Asia,Israel,2021,32.42448056,35.54490000,False,78817.00000000,1192.00000000,6045.00000000,7.67000000,1.20000000,
NOBRE-0292,291,Asia,Israel,2021,32.41929722,35.53932222,False,127298.00000000,1401.00000000,11782.00000000,9.26000000,1.11000000,
NOBRE-0293,292,Asia,Israel,2021,32.41976111,35.54268333,False,118224.00000000,1477.00000000,5921.00000000,5.01000000,1.21000000,
NOBRE-0294,293,Asia,Israel,2021,32.41971111,35.54572778,False,121157.00000000,1431.00000000,6060.00000000,5.00000000,1.16000000,
NOBRE-0295,294,Asia,Israel,2021,32.41249167,35.53302500,False,25897.00000000,678.00000000,2197.00000000,8.48000000,1.19000000,
NOBRE-0296,295,Asia,Israel,2021,32.41286389,35.53438333,False,29547.00000000,800.00000000,2604.00000000,8.81000000,1.31000000,
NOBRE-0297,296,Asia,Israel,2021,32.41147778,35.53964167,False,90465.00000000,1579.00000000,2742.00000000,3.03000000,1.48000000,
NOBRE-0298,297,Asia,Israel,2021,32.40910833,35.53819444,False,79968.00000000,1481.00000000,2606.00000000,3.26000000,1.48000000,
NOBRE-0299,298,Asia,Israel,2021,32.40801389,35.53132222,False,62623.00000000,1244.00000000,2526.00000000,4.03000000,1.40000000,
NOBRE-0300,299,Asia,Israel,2021,32.40832500,35.53378333,False,162980.00000000,1659.00000000,2471.00000000,1.52000000,1.16000000,
NOBRE-0301,300,Asia,Israel,2021,32.40383889,35.53327500,False,140751.00000000,1461.00000000,5906.00000000,4.20000000,1.10000000,
NOBRE-0302,301,Asia,Israel,2021,32.40380556,35.53686389,False,67862.00000000,1078.00000000,6214.00000000,9.16000000,1.17000000,
NOBRE-0303,302,Asia,Israel,2021,32.40020278,35.53593056,False,77055.00000000,1220.00000000,6902.00000000,8.96000000,1.24000000,
NOBRE-0304,303,Asia,Israel,2021,32.49049167,35.45462778,False,112666.00000000,1388.00000000,26102.00000000,23.17000000,1.17000000,
NOBRE-0305,304,Asia,Israel,2021,32.50461111,35.46671944,False,152609.00000000,1661.00000000,16038.00000000,10.51000000,1.20000000,
NOBRE-0306,305,Asia,Israel,2021,32.50556667,35.47149722,False,185698.00000000,2032.00000000,42264.00000000,22.76000000,1.33000000,
NOBRE-0307,306,Asia,Israel,2021,32.50835278,35.47005833,False,108591.00000000,1347.00000000,3756.00000000,3.46000000,1.15000000,
NOBRE-0308,307,Asia,Israel,2021,32.52314444,35.44917222,False,126547.00000000,1401.00000000,35243.00000000,27.85000000,1.11000000,
NOBRE-0309,308,Asia,Israel,2020,32.52529167,35.44596111,False,92496.00000000,1180.00000000,4321.00000000,4.67000000,1.09000000,
NOBRE-0310,309,Asia,Israel,2020,32.52858611,35.43248333,False,91665.00000000,1217.00000000,3797.00000000,4.14000000,1.13000000,
NOBRE-0311,310,Asia,Israel,2020,32.53181667,35.43396389,False,71827.00000000,1079.00000000,8201.00000000,11.42000000,1.14000000,
NOBRE-0312,311,Asia,Israel,2020,32.53046111,35.42507778,False,81738.00000000,1139.00000000,4403.00000000,5.39000000,1.12000000,
NOBRE-0313,312,Asia,Japan,2019,,,False,,,,,,633.00000000
NOBRE-0314,313,Africa,South Africa,2019,-33.82691389,18.95773889,False,6731.00000000,332.00000000,695.00000000,10.33000000,1.14000000,59.00000000
NOBRE-0315,314,Asia,Japan,2018,34.25069722,134.04123333,False,43207.00000000,1233.00000000,21143.00000000,48.93000000,1.67000000,2170.00000000
NOBRE-0316,315,Asia,Japan,2018,34.25985000,134.77308333,False,77378.00000000,1734.00000000,23578.00000000,30.47000000,1.76000000,2359.00000000
NOBRE-0317,316,Asia,Japan,NA,,,False,,,,,,2904.00000000
NOBRE-0318,317,Asia,Japan,2018,34.26783611,133.99208056,False,258107.00000000,2355.00000000,25397.00000000,9.84000000,1.31000000,2802.00000000
NOBRE-0319,318,Asia,Japan,2018,34.56861944,133.52188889,False,53610.00000000,1103.00000000,23998.00000000,44.76000000,1.34000000,2640.00000000
NOBRE-0320,319,Asia,Japan,2018,,,False,,,,,,2449.00000000
NOBRE-0321,320,Asia,Japan,2018,34.91191389,136.51813611,False,70012.00000000,1646.00000000,25491.00000000,36.41000000,1.75000000,2449.00000000
NOBRE-0322,321,Asia,Japan,2018,,,False,,,,,,2435.00000000
NOBRE-0323,322,Asia,Japan,2018,,,False,,,,,,2435.00000000
NOBRE-0324,324,Asia,South Korea,2018,,,False,,,,,,2007.00000000
NOBRE-0325,325,Asia,South Korea,2018,,,False,,,,,,2007.00000000
NOBRE-0326,325,Asia,Taiwan,2018,,,False,,,,,,1900.00000000
NOBRE-0327,326,Asia,Taiwan,2018,,,False,,,,,,1200.00000000
NOBRE-0328,327,Asia,Japan,2018,,,False,,,,,,1592.00000000
NOBRE-0329,328,Asia,Japan,2018,,,False,,,,,,1210.00000000
NOBRE-0330,329,Asia,South Korea,2018,,,False,,,,,,955.00000000
NOBRE-0331,330,Asia,Japan,2018,,,False,,,,,,853.00000000
NOBRE-0332,331,Asia,Japan,2018,,,False,,,,65.00000000,,807.00000000
NOBRE-0333,332,Asia,Japan,2018,,,False,,,,,,665.00000000
NOBRE-0334,333,Asia,Japan,2018,,,False,,,,49.00000000,,660.00000000
NOBRE-0335,334,Asia,Japan,2018,,,False,,,,,,637.00000000
NOBRE-0336,335,Asia,Japan,2018,,,False,,,,,,594.00000000
NOBRE-0337,336,Asia,Japan,2018,,,False,,,,56.00000000,,540.00000000
NOBRE-0338,337,Asia,Japan,2018,,,False,,,,55.00000000,,503.00000000
NOBRE-0339,338,Asia,Japan,2018,,,False,,,,,,497.00000000
NOBRE-0340,339,Asia,Israel,2018,,,False,,,,,,278.00000000
NOBRE-0341,340,Asia,Japan,2018,,,False,,,,,,160.00000000
NOBRE-0342,341,Europe,Spain,2018,37.53397500,-1.83028056,False,15163.00000000,548.00000000,1530.00000000,10.09000000,1.26000000,144.00000000
NOBRE-0343,342,Europe,Spain,2018,,,False,,,,,,30.00000000
NOBRE-0344,343,Europe,Spain,2018,,,False,,,,,,26.05000000
NOBRE-0345,344,Europe,Spain,2018,,,False,,,,,,22.26000000
NOBRE-0346,345,Europe,France,2018,,,False,,,,,,
NOBRE-0347,346,North America,USA,2018,40.74020278,-106.28072778,False,1046.00000000,128.00000000,696.00000000,66.54000000,1.12000000,74.00000000
NOBRE-0348,347,Asia,South Korea,2017,34.40098333,126.17566944,False,185617.00000000,3194.00000000,11200.00000000,6.03000000,2.09000000,
NOBRE-0349,348,Asia,South Korea,2017,36.92511944,128.06217500,False,12900000.00000000,,39463.00000000,0.31000000,,3000.00000000
NOBRE-0350,349,Asia,South Korea,2022,36.92511944,128.06217500,False,1935612.00000000,11359.00000000,28793.00000000,1.49000000,2.30000000,2600.00000000
NOBRE-0351,350,Asia,Japan,2017,34.27653611,134.14156389,False,94988.00000000,1378.00000000,29012.00000000,30.54000000,1.26000000,2642.00000000
NOBRE-0352,351,Asia,Japan,2017,34.29157778,134.19886944,False,154826.00000000,1954.00000000,24882.00000000,16.07000000,1.40000000,2435.00000000
NOBRE-0353,352,Asia,Japan,2021,34.25738333,134.19771944,False,14079.00000000,693.00000000,6041.00000000,42.91000000,1.65000000,
NOBRE-0354,353,Asia,Japan,2021,34.25842500,134.20443333,False,22591.00000000,1165.00000000,5923.00000000,26.22000000,2.19000000,
NOBRE-0355,354,Asia,Japan,2017,34.25605278,134.20857778,False,28563.00000000,788.00000000,15517.00000000,54.33000000,1.32000000,1520.00000000
NOBRE-0356,355,Asia,Japan,2021,34.25420833,134.20450278,False,11004.00000000,459.00000000,5814.00000000,52.84000000,1.23000000,
NOBRE-0357,356,Asia,Japan,2021,34.28443889,134.13167222,False,53955.00000000,1082.00000000,28392.00000000,52.62000000,1.31000000,
NOBRE-0358,357,Asia,Japan,2017,,,False,,,,,,1966.00000000
NOBRE-0359,358,Asia,Japan,2020,34.55948889,133.53717778,False,88169.00000000,1926.00000000,24551.00000000,27.85000000,1.83000000,
NOBRE-0360,359,Asia,Japan,2021,34.57824722,133.51655833,False,45049.00000000,944.00000000,21391.00000000,47.48000000,1.25000000,
NOBRE-0361,360,Asia,Japan,2017,,,False,,,,,,1800.00000000
NOBRE-0362,361,Asia,Japan,2017,35.08587222,137.02567778,False,129860.00000000,2045.00000000,19424.00000000,14.96000000,1.60000000,1800.00000000
NOBRE-0363,362,Asia,Japan,2017,34.09803333,134.26115000,False,27683.00000000,684.00000000,16192.00000000,58.49000000,1.16000000,1568.00000000
NOBRE-0364,363,Asia,Japan,2017,,,False,,,,,,1200.00000000
NOBRE-0365,364,Asia,Japan,2017,36.04245278,139.43994167,False,29098.00000000,1293.00000000,4388.00000000,15.08000000,2.14000000,401.00000000
NOBRE-0366,365,Asia,Japan,2017,,,False,,,,,,1188.00000000
NOBRE-0367,366,Asia,Japan,2017,,,False,,,,,,1176.00000000
NOBRE-0368,367,Asia,Japan,2017,,,False,,,,,,835.00000000
NOBRE-0369,368,Europe,Netherlands,2017,53.14404444,4.85452500,False,6949.00000000,492.00000000,4823.00000000,69.41000000,1.66000000,780.00000000
NOBRE-0370,369,Asia,Japan,2017,,,False,,,,,,660.00000000
NOBRE-0371,370,Asia,Japan,2017,,,False,,,,,,600.00000000
NOBRE-0372,371,Asia,Japan,2017,,,False,23215.00000000,,6500.00000000,28.00000000,,572.00000000
NOBRE-0373,372,Asia,India,2017,11.66820000,75.95993333,False,12770000.00000000,,5412.00000000,0.04000000,,500.00000000
NOBRE-0374,373,Europe,Spain,2017,,,False,,,,,,400.00000000
NOBRE-0375,374,Asia,Japan,2017,,,False,,,,,,318.00000000
NOBRE-0376,375,Asia,Japan,2017,,,False,,,,,,300.00000000
NOBRE-0377,376,Asia,Japan,2017,,,False,,,,,,73.00000000
NOBRE-0378,377,Asia,Japan,2017,,,False,,,,,,27.00000000
NOBRE-0379,378,Europe,Portugal,2017,38.09556389,-7.77260000,False,20192.00000000,534.00000000,164.00000000,0.81000000,1.06000000,11.00000000
NOBRE-0380,379,Asia,Japan,2017,,,False,,,,,,
NOBRE-0381,380,Europe,Netherlands,2019,,,False,,,,,,2100.00000000
NOBRE-0382,381,Asia,Japan,2019,,,False,,,,,,1204.00000000
NOBRE-0383,382,Asia,Israel,2019,,,False,,,,,,700.00000000
NOBRE-0384,383,North America,USA,2019,,,False,,,,,,607.00000000
NOBRE-0385,384,Asia,Thailand,2019,,,False,,,,,,300.00000000
NOBRE-0386,385,Asia,Japan,2019,,,False,,,,,,122.00000000
NOBRE-0387,386,Asia,Japan,2017,34.76996111,134.89550278,False,21672.00000000,702.00000000,7513.00000000,34.67000000,1.35000000,
NOBRE-0388,387,Asia,Japan,2016,34.76045278,134.91436111,False,22346.00000000,653.00000000,7536.00000000,33.72000000,1.23000000,
NOBRE-0389,388,Asia,Japan,2016,34.23861944,134.04482500,False,248154.00000000,2559.00000000,95445.00000000,38.46000000,1.45000000,
NOBRE-0390,389,Asia,Japan,2019,34.25355278,134.00565278,False,327272.00000000,2268.00000000,50199.00000000,15.34000000,1.12000000,
NOBRE-0391,390,Asia,Japan,2019,34.29909167,133.98284167,False,99164.00000000,1384.00000000,24244.00000000,24.45000000,1.24000000,
NOBRE-0392,391,Asia,Japan,2021,34.27740833,134.18323333,False,21044.00000000,588.00000000,13949.00000000,66.28000000,1.14000000,
NOBRE-0393,392,Asia,Japan,2021,34.27281944,134.18360556,False,25937.00000000,631.00000000,15189.00000000,58.56000000,1.11000000,
NOBRE-0394,393,Asia,Japan,2018,34.26342778,134.19355833,False,87718.00000000,1760.00000000,24996.00000000,28.50000000,1.68000000,
NOBRE-0395,394,Asia,Japan,2018,34.26196944,134.19149444,False,105298.00000000,1732.00000000,24434.00000000,23.20000000,1.51000000,
NOBRE-0396,395,Asia,South Korea,2016,37.16842500,126.92664722,False,841715.00000000,9167.00000000,36688.00000000,4.36000000,2.82000000,2670.00000000
NOBRE-0397,396,Asia,South Korea,2016,37.09966667,126.80530556,False,380802.00000000,3732.00000000,41937.00000000,11.01000000,1.71000000,3000.00000000
NOBRE-0398,397,Asia,Japan,2016,,,False,,,,,,2300.00000000
NOBRE-0399,398,Asia,South Korea,2016,36.25027222,126.67025556,False,4326971.00000000,25070.00000000,25655.00000000,0.59000000,3.40000000,2000.00000000
NOBRE-0400,399,Asia,South Korea,2016,36.21558333,128.02383889,False,408626.00000000,5945.00000000,23094.00000000,5.65000000,2.62000000,
NOBRE-0401,400,Asia,Japan,2016,,,False,,,,,,1200.00000000
NOBRE-0402,401,Asia,Japan,2016,,,False,,,,,,1000.00000000
NOBRE-0403,402,Asia,Japan,2016,,,False,,,,,,990.00000000
NOBRE-0404,403,Asia,Japan,2016,,,False,,,,,,973.00000000
NOBRE-0405,404,Asia,South Korea,2016,,,False,,,,,,706.00000000
NOBRE-0406,405,Asia,Japan,2016,,,False,,,,,,630.00000000
NOBRE-0407,406,Asia,Japan,2016,,,False,,,,,,490.00000000
NOBRE-0408,407,Asia,Japan,2016,,,False,,,,,,385.00000000
NOBRE-0409,408,Asia,Japan,2016,33.57145278,130.25720278,False,9270.00000000,408.00000000,3654.00000000,39.42000000,1.20000000,300.00000000
NOBRE-0410,409,Asia,Singapore,2016,1.34692222,103.64566944,False,1271985.00000000,7898.00000000,10724.00000000,0.84000000,1.98000000,60000.00000000
NOBRE-0411,410,Asia,Japan,2016,,,False,,,,,,280.00000000
NOBRE-0412,411,Asia,Malaysia,2016,2.65955278,102.09364444,False,183605.00000000,2522.00000000,2169.00000000,1.18000000,1.66000000,270.00000000
NOBRE-0413,412,Europe,Netherlands,2016/2022,53.07755278,4.77320000,False,5627.00000000,308.00000000,4598.00000000,81.71000000,1.16000000,241.00000000
NOBRE-0414,413,Asia,Taiwan,2018,22.83266944,120.27691944,False,62186.00000000,1723.00000000,9449.00000000,15.19000000,1.95000000,999.60000000
NOBRE-0415,414,Asia,Taiwan,2020,22.63853889,120.37936111,False,12851.00000000,612.00000000,6570.00000000,51.12000000,1.52000000,690.00000000
NOBRE-0416,415,Asia,Taiwan,2021,23.71568889,120.19700833,False,9259.00000000,399.00000000,4271.00000000,46.13000000,1.17000000,476.16000000
NOBRE-0417,416,Asia,Taiwan,2021,22.82061667,120.23171111,False,18657.00000000,582.00000000,11606.00000000,62.21000000,1.20000000,
NOBRE-0418,417,Asia,Taiwan,2018,23.09225556,120.46444167,False,112367.00000000,3637.00000000,15324.00000000,13.64000000,3.06000000,2000.00000000
NOBRE-0419,418,Asia,Taiwan,2016,22.43777500,120.52918056,False,12722.00000000,485.00000000,5481.00000000,43.08000000,1.21000000,500.00000000
NOBRE-0420,419,Asia,Taiwan,2018,24.18557778,120.83627500,False,90125.00000000,1259.00000000,2885.00000000,3.20000000,1.18000000,300.00000000
NOBRE-0421,420,Asia,Taiwan,2018,24.43323333,118.45907500,False,120958.00000000,2152.00000000,20799.00000000,17.20000000,1.75000000,2142.00000000
NOBRE-0422,421,Asia,Taiwan,2019,25.04208333,121.16663056,False,101509.00000000,1231.00000000,51534.00000000,50.77000000,1.09000000,6185.28000000
NOBRE-0423,422,Asia,Taiwan,2019,25.03406667,121.15456667,False,115552.00000000,1443.00000000,48695.00000000,42.14000000,1.20000000,4980.00000000
NOBRE-0424,423,Asia,Taiwan,2019,25.03200000,121.16176111,False,72936.00000000,1050.00000000,36769.00000000,50.41000000,1.10000000,3700.00000000
NOBRE-0425,424,Asia,Taiwan,2019,25.01241111,121.23942500,False,112286.00000000,1241.00000000,55126.00000000,49.09000000,1.04000000,6636.72000000
NOBRE-0426,425,Asia,Taiwan,2018,25.01376944,121.24696389,False,35844.00000000,929.00000000,17566.00000000,49.01000000,1.38000000,1852.20000000
NOBRE-0427,426,Asia,Taiwan,2019,24.93048611,121.00080556,False,88599.00000000,1205.00000000,15008.00000000,16.94000000,1.14000000,1878.00000000
NOBRE-0428,427,Asia,Taiwan,2019,24.92919167,121.01951944,False,81502.00000000,1131.00000000,14982.00000000,18.38000000,1.12000000,1995.84000000
NOBRE-0429,428,Asia,Taiwan,2018,24.92995833,120.99000000,False,65821.00000000,1180.00000000,19722.00000000,29.96000000,1.30000000,30042.00000000
NOBRE-0430,429,Asia,Taiwan,2018,24.93770278,121.00892500,False,114992.00000000,1357.00000000,19387.00000000,16.86000000,1.13000000,30042.00000000
NOBRE-0431,430,Asia,Taiwan,2018,24.93201389,121.03667222,False,32728.00000000,692.00000000,16558.00000000,50.59000000,1.08000000,1859.68000000
NOBRE-0432,431,Asia,Taiwan,2019,24.92332222,121.04647778,False,45003.00000000,838.00000000,17045.00000000,37.88000000,1.11000000,1814.40000000
NOBRE-0433,432,Asia,Taiwan,2019,24.91603056,121.02884444,False,102576.00000000,1285.00000000,19588.00000000,19.10000000,1.13000000,31809.00000000
NOBRE-0434,433,Asia,Taiwan,2018,24.90315278,121.00998889,False,34254.00000000,716.00000000,17812.00000000,52.00000000,1.09000000,1977.68000000
NOBRE-0435,434,Asia,Taiwan,2018,24.89553611,121.02991389,False,49937.00000000,876.00000000,19719.00000000,39.49000000,1.11000000,1998.91000000
NOBRE-0436,435,Asia,Taiwan,2018,24.89022500,121.01561111,False,55040.00000000,930.00000000,19723.00000000,35.83000000,1.12000000,1998.92000000
NOBRE-0437,436,Asia,Taiwan,2018,24.89281111,120.99381111,False,53531.00000000,902.00000000,19468.00000000,36.37000000,1.10000000,1998.92000000
NOBRE-0438,437,Asia,Taiwan,2018,24.89107500,120.98012500,False,47901.00000000,968.00000000,19792.00000000,41.32000000,1.25000000,1998.92000000
NOBRE-0439,438,Asia,Taiwan,2019,24.88858889,121.06213333,False,14338.00000000,465.00000000,7067.00000000,4.99000000,1.10000000,730.00000000
NOBRE-0440,439,Asia,Taiwan,2019,24.89515000,121.07621944,False,32249.00000000,707.00000000,15959.00000000,49.49000000,1.11000000,1680.00000000
NOBRE-0441,440,Asia,Taiwan,2018,24.92517500,121.01346944,False,72133.00000000,1183.00000000,18957.00000000,26.28000000,1.24000000,2000.00000000
NOBRE-0442,441,Asia,Taiwan,2018,23.03983333,120.27827500,False,8947.00000000,522.00000000,1074.00000000,12.00000000,1.56000000,100.00000000
NOBRE-0443,442,Asia,Taiwan,2019,24.09610278,120.62263611,False,5274.00000000,337.00000000,3093.00000000,58.65000000,1.31000000,329.40000000
NOBRE-0444,443,Asia,Taiwan,2020,22.77791389,120.30156389,False,5400.00000000,325.00000000,3275.00000000,60.65000000,1.25000000,
NOBRE-0445,444,Asia,Taiwan,2020,22.77673889,120.30150278,False,4535.00000000,337.00000000,2454.00000000,54.11000000,1.41000000,
NOBRE-0446,445,Asia,Taiwan,2019,22.69703889,120.32004167,False,12728.00000000,459.00000000,8404.00000000,66.03000000,1.15000000,940.00000000
NOBRE-0447,446,Asia,Taiwan,2018,22.55562222,120.35208889,False,14755.00000000,542.00000000,11206.00000000,75.95000000,1.26000000,1200.00000000
NOBRE-0448,447,Asia,South Korea,NA,,,False,,,,,,
NOBRE-0449,448,Europe,Netherlands,NA,,,False,,,,,,
NOBRE-0450,449,Europe,Netherlands,NA,,,False,,,,,,
NOBRE-0451,450,Asia,South Korea,NA,,,False,,,,,,
NOBRE-0452,451,Asia,South Korea,2022,34.94906944,128.13860556,False,214098.00000000,2352.00000000,26328.00000000,12.30000000,1.43000000,2500.00000000
NOBRE-0453,452,Europe,Netherlands,2022,53.03502778,6.35627778,False,227334.00000000,2571.00000000,14510.00000000,6.38000000,1.52000000,2100.00000000
NOBRE-0454,453,Europe,Spain,NA,,,False,,,,,,
NOBRE-0455,454,Asia,South Korea,2023,35.96624167,126.83887778,False,79650.00000000,1629.00000000,9774.00000000,12.27000000,1.63000000,1010.00000000
NOBRE-0456,455,Europe,England,2022,54.02443889,-2.76698056,False,123338.00000000,1305.00000000,7691.00000000,6.24000000,1.05000000,1000.00000000
NOBRE-0457,456,Europe,Germany,2022,49.80066389,10.18268611,False,310579.00000000,3814.00000000,5713.00000000,1.84000000,1.93000000,739.00000000
NOBRE-0458,457,Europe,Spain,2021,37.71846111,-1.57636667,False,4360.00000000,270.00000000,3374.00000000,77.39000000,1.15000000,90.00000000
NOBRE-0459,458,Europe,Netherlands,NA,,,False,,,,,,
NOBRE-0460,459,Europe,Netherlands,2022,51.40170556,4.13407778,False,3131.00000000,247.00000000,2374.00000000,75.82000000,1.25000000,338.00000000
NOBRE-0461,460,Europe,Spain,2022,38.42018611,-0.64063611,False,4651.00000000,282.00000000,4101.00000000,88.17000000,1.17000000,320.00000000
NOBRE-0462,461,Asia,Israel,2018,32.65345000,35.58650000,False,5608.00000000,321.00000000,2317.00000000,41.32000000,1.21000000,269.00000000
NOBRE-0463,462,North America,USA,2018,38.99226667,-122.83025000,False,12978.00000000,434.00000000,2282.00000000,17.58000000,1.07000000,252.00000000
NOBRE-0464,463,South America,Chile,NA,,,False,,,,,,
NOBRE-0465,464,South America,Chile,NA,,,False,,,,,,
NOBRE-0466,465,Asia,India,2022,29.45936667,76.86536944,False,25752.00000000,827.00000000,1045.00000000,4.06000000,1.45000000,100.00000000
NOBRE-0467,466,Asia,India,2022,30.76769444,76.75923611,False,19320.00000000,619.00000000,3634.00000000,18.81000000,1.26000000,500.00000000
NOBRE-0468,468,Europe,Germany,NA,,,False,,,,,,
NOBRE-0469,469,South America,Chile,NA,,,False,,,,,,
NOBRE-0470,470,Europe,Netherlands,2017,53.21189444,6.03246111,False,25772.00000000,890.00000000,545.00000000,2.11000000,1.56000000,39.00000000
NOBRE-0471,471,Asia,South Korea,NA,,,False,,,,,,
NOBRE-0472,472,Asia,South Korea,2021,34.47704722,126.04900833,False,16448.00000000,625.00000000,780.00000000,4.74000000,1.37000000,48.00000000
NOBRE-0473,473,Asia,China,2017,35.29540833,115.39142222,False,29941.00000000,740.00000000,5910.00000000,19.74000000,1.21000000,600.00000000
NOBRE-0474,474,Asia,China,2016,31.28485556,117.42013611,False,12009.00000000,702.00000000,1320.00000000,10.99000000,1.81000000,
NOBRE-0475,475,Asia,South Korea,NA,,,False,,,,,,
NOBRE-0476,476,Asia,South Korea,NA,,,False,,,,,,
NOBRE-0477,477,Europe,Spain,NA,,,False,,,,,,
NOBRE-0478,478,Europe,Spain,2018,37.19955556,-3.05473611,False,1988.00000000,176.00000000,219.00000000,11.02000000,1.11000000,26.04000000
NOBRE-0479,479,Asia,Israel,NA,,,False,,,,,,
NOBRE-0480,480,Europe,Spain,2015,42.05978333,0.09485000,False,3079.00000000,223.00000000,229.00000000,7.44000000,1.13000000,20.00000000
NOBRE-0481,481,Europe,Italy,NA,,,False,,,,,,
NOBRE-0482,482,Asia,South Korea,NA,,,False,,,,,,
NOBRE-0483,483,Asia,Thailand,NA,,,False,,,,,,
NOBRE-0484,484,Asia,South Korea,2009,37.75010556,127.47730000,False,133588.00000000,1424.00000000,45169.00000000,33.81000000,1.10000000,5.20000000
NOBRE-0485,485,Europe,France,NA,,,False,,,,,,
NOBRE-0486,486,Asia,South Korea,NA,,,False,,,,,,
NOBRE-0487,487,Asia,South Korea,NA,,,False,,,,,,
NOBRE-0488,488,Asia,India,NA,,,False,,,,,,
NOBRE-0489,489,Asia,India,2016,9.24042222,76.43740278,False,86067.00000000,1200.00000000,1204.00000000,1.40000000,1.15000000,100.00000000
NOBRE-0490,490,Asia,India,NA,,,False,,,,,,
NOBRE-0491,491,Asia,India,2022,17.76549722,83.29620833,False,340086.00000000,3037.00000000,17719.00000000,5.21000000,1.47000000,2000.00000000
NOBRE-0492,492,Asia,India,NA,,,False,,,,,,
NOBRE-0493,493,Asia,India,NA,,,False,,,,,,
NOBRE-0494,494,Asia,India,2022,21.17247500,72.68742222,False,116190.00000000,1369.00000000,7587.00000000,6.53000000,1.13000000,1000.00000000
NOBRE-0495,495,Asia,India,2022,21.16538333,72.69072778,False,352552.00000000,2488.00000000,309599.00000000,87.82000000,1.18000000,23000.00000000
NOBRE-0496,496,Asia,India,2022,18.73777500,79.46386389,False,5810129.00000000,19058.00000000,1160073.00000000,19.97000000,2.23000000,100000.00000000
NOBRE-0497,497,Asia,India,NA,,,False,,,,,,
NOBRE-0498,498,Asia,India,NA,,,False,,,,,,
NOBRE-0499,499,Asia,India,NA,,,False,,,,,,
NOBRE-0500,500,Asia,India,NA,,,False,,,,,,
NOBRE-0501,501,Asia,India,2022,26.62782222,79.52493611,False,371593.00000000,4701.00000000,180281.00000000,48.52000000,2.18000000,20000.00000000
NOBRE-0502,502,Asia,India,2022,10.15200833,76.37446111,False,28139.00000000,1846.00000000,4108.00000000,14.60000000,3.10000000,427.00000000
NOBRE-0503,503,Asia,Japan,2016,,,False,,,,,,172.00000000
NOBRE-0504,504,Europe,Italy,2016,40.54282500,15.11650556,False,5818.00000000,326.00000000,707.00000000,12.15000000,1.21000000,60.00000000
NOBRE-0505,505,Asia,Japan,2016,,,False,,,,,,
NOBRE-0506,506,Asia,Japan,2016,,,False,,,,,,
NOBRE-0507,507,Asia,Japan,2015,,,False,68800.00000000,,15824.00000000,23.00000000,,1428.00000000
NOBRE-0508,508,Asia,Japan,2015,,,False,,,,,,1330.00000000
NOBRE-0509,509,Asia,Japan,2015,36.07751667,139.32431667,False,20702.00000000,626.00000000,12647.00000000,61.09000000,1.23000000,1153.00000000
NOBRE-0510,510,Asia,Japan,2015,,,False,19500.00000000,,12675.00000000,65.00000000,,1125.00000000
NOBRE-0511,511,Asia,Japan,2015,,,False,15500.00000000,,11160.00000000,72.00000000,,1076.00000000
NOBRE-0512,512,Asia,Israel,2021,32.86961944,35.10961667,False,417846.00000000,2991.00000000,43523.00000000,10.42000000,1.31000000,
NOBRE-0513,513,Asia,Israel,2021,33.16664444,35.58262222,False,192580.00000000,1851.00000000,67585.00000000,35.09000000,1.19000000,
NOBRE-0514,514,Asia,Israel,2021,32.64842222,35.15518611,False,46549.00000000,809.00000000,33613.00000000,72.21000000,1.06000000,
NOBRE-0515,515,Asia,Israel,2021,32.66111389,35.15645278,False,68747.00000000,1061.00000000,44974.00000000,65.42000000,1.14000000,
NOBRE-0516,516,Asia,Israel,2021,32.66784444,35.14921667,False,179170.00000000,1643.00000000,8726.00000000,4.87000000,1.09000000,
NOBRE-0517,517,Asia,Israel,2021,32.66606111,35.14505278,False,56713.00000000,958.00000000,4140.00000000,7.30000000,1.13000000,
NOBRE-0518,518,Asia,Israel,2021,32.71475278,35.14697222,False,53323.00000000,906.00000000,14036.00000000,26.32000000,1.11000000,
NOBRE-0519,519,Asia,Israel,2021,32.71976111,35.19326389,False,69895.00000000,1133.00000000,34283.00000000,49.05000000,1.21000000,
NOBRE-0520,520,Asia,Israel,2021,32.75099722,35.07639722,False,84272.00000000,1096.00000000,6615.00000000,7.85000000,1.07000000,
NOBRE-0521,521,Asia,Japan,2018,34.50449167,135.82393056,False,15616.00000000,508.00000000,8598.00000000,55.06000000,1.15000000,
NOBRE-0522,522,Asia,Japan,2019,34.85264722,136.55470556,False,94821.00000000,1454.00000000,24728.00000000,26.08000000,1.33000000,2507.00000000
NOBRE-0523,523,Asia,Taiwan,2021,23.16601111,120.10123889,False,77156.00000000,1536.00000000,51320.00000000,66.51000000,1.56000000,
NOBRE-0524,524,Asia,Thailand,2020,12.65874167,101.34667222,False,106467.00000000,1294.00000000,42996.00000000,40.38000000,1.12000000,
NOBRE-0525,525,Asia,Thailand,2020,12.66653056,101.34160556,False,92218.00000000,1298.00000000,42929.00000000,46.55000000,1.21000000,
NOBRE-0526,526,Asia,Thailand,2020,12.66597500,101.33882222,False,103679.00000000,1610.00000000,28955.00000000,27.93000000,1.41000000,
NOBRE-0527,527,Asia,Israel,2022,32.70450556,34.96423611,False,93066.00000000,1197.00000000,,,1.11000000,16800.00000000
NOBRE-0528,528,Asia,Israel,2021,32.64046389,34.94162500,False,285218.00000000,2024.00000000,,,1.07000000,2300.00000000
NOBRE-0529,529,Asia,Israel,2022,32.77423333,35.11824444,False,59014.00000000,953.00000000,22538.00000000,38.19000000,1.11000000,
NOBRE-0530,530,Asia,Thailand,2019,13.60190833,99.89458889,False,326048.00000000,3352.00000000,22220.00000000,6.81000000,1.66000000,
NOBRE-0531,531,Asia,Japan,2019,34.88345833,135.08667222,False,16470.00000000,656.00000000,5727.00000000,34.77000000,1.44000000,621.00000000
NOBRE-0532,532,Asia,Japan,2020,34.88044722,135.07915833,False,6111.00000000,419.00000000,1667.00000000,27.28000000,1.51000000,
NOBRE-0533,533,Asia,Japan,2017,34.62464722,136.54190278,False,114385.00000000,1990.00000000,58399.00000000,51.05000000,1.66000000,
NOBRE-0534,534,Asia,China,2017,33.91504167,116.63864167,False,540928.00000000,3687.00000000,91440.00000000,16.90000000,1.41000000,10000.00000000
NOBRE-0535,535,Asia,Japan,2017,34.86906389,134.93948333,False,34956.00000000,1067.00000000,13868.00000000,39.67000000,1.61000000,
NOBRE-0536,536,Asia,Japan,2014,34.85991389,134.94571389,False,26300.00000000,627.00000000,9302.00000000,35.37000000,1.09000000,
NOBRE-0537,537,Asia,Japan,2020,34.48901944,135.70791667,False,12605.00000000,550.00000000,3901.00000000,30.95000000,1.38000000,
NOBRE-0538,538,Asia,Japan,2020,34.50029722,135.72138611,False,26063.00000000,619.00000000,17415.00000000,66.82000000,1.08000000,2122.00000000
NOBRE-0539,539,Asia,Japan,2020,34.49207778,135.72557222,False,11131.00000000,432.00000000,4581.00000000,41.16000000,1.16000000,
NOBRE-0540,540,Asia,Japan,2021,34.25819722,134.24001667,False,24000.00000000,678.00000000,8691.00000000,36.21000000,1.23000000,
NOBRE-0541,541,Asia,Japan,2021,34.28515000,133.83915556,False,52344.00000000,1103.00000000,19065.00000000,36.42000000,1.36000000,
NOBRE-0542,542,Asia,Japan,2016,34.30060556,134.77729167,False,12580.00000000,436.00000000,11311.00000000,89.91000000,1.10000000,
NOBRE-0543,543,Asia,Japan,2016,34.52030556,134.89213056,False,31855.00000000,713.00000000,12859.00000000,40.37000000,1.13000000,
NOBRE-0544,544,Asia,Japan,2019,34.52272222,134.90043056,False,6880.00000000,408.00000000,3411.00000000,49.58000000,1.39000000,
NOBRE-0545,545,Asia,Japan,2019,34.52307778,134.89215278,False,6938.00000000,329.00000000,3473.00000000,50.06000000,1.11000000,
NOBRE-0546,546,Asia,Japan,2018,34.36039722,134.86884722,False,49665.00000000,1277.00000000,19768.00000000,39.80000000,1.62000000,
NOBRE-0547,547,Asia,Japan,2021,34.28193889,134.71095556,False,43016.00000000,968.00000000,20903.00000000,48.59000000,1.32000000,
NOBRE-0548,548,Asia,Japan,2021,34.28748611,134.69404722,False,13115.00000000,617.00000000,5011.00000000,38.21000000,1.52000000,
NOBRE-0549,549,Asia,Japan,2021,34.24638333,134.76765278,False,45622.00000000,1168.00000000,14818.00000000,32.48000000,1.54000000,
NOBRE-0550,550,Asia,Japan,2019,36.01718056,139.85909167,False,21359.00000000,618.00000000,8173.00000000,38.26000000,1.19000000,898.00000000
NOBRE-0551,551,Asia,Japan,2014,34.91303333,134.97311944,False,8789.00000000,443.00000000,648.00000000,7.37000000,1.33000000,
NOBRE-0552,552,Asia,Japan,2019,34.27165000,134.69387222,False,29767.00000000,903.00000000,12083.00000000,40.59000000,1.48000000,1308.00000000
NOBRE-0553,553,Asia,Japan,2020,36.04187778,139.59300278,False,42737.00000000,838.00000000,24614.00000000,57.59000000,1.14000000,2602.00000000
NOBRE-0554,554,Asia,Malaysia,2020,2.81688889,101.66873611,False,228327.00000000,2077.00000000,108967.00000000,47.72000000,1.23000000,
NOBRE-0555,555,Asia,Japan,2020,34.97804722,134.79310556,False,45721.00000000,1028.00000000,17627.00000000,38.55000000,1.36000000,
NOBRE-0556,556,Asia,Japan,2018,34.85841944,134.47129722,False,46994.00000000,917.00000000,13236.00000000,28.17000000,1.19000000,
NOBRE-0557,557,Asia,Vietnam,2019,11.24958056,107.84698611,False,6364094.00000000,34347.00000000,489561.00000000,7.69000000,3.84000000,47500.00000000
NOBRE-0558,558,Asia,Japan,2021,34.86412500,134.84766111,False,50164.00000000,1085.00000000,5785.00000000,11.53000000,1.37000000,
NOBRE-0559,559,Asia,Japan,2020,34.42231389,135.41214167,False,14886.00000000,547.00000000,7040.00000000,47.29000000,1.26000000,
NOBRE-0560,560,Asia,Japan,2017,34.29109167,136.86621111,False,46133.00000000,856.00000000,24602.00000000,53.33000000,1.12000000,
NOBRE-0561,561,Asia,Japan,2019,34.87900278,135.07869722,False,5744.00000000,400.00000000,1852.00000000,32.24000000,1.49000000,
NOBRE-0562,562,Asia,Japan,2016,34.88786944,134.91562500,False,21823.00000000,636.00000000,11438.00000000,52.41000000,1.21000000,
NOBRE-0563,563,Europe,Belgium,2020,51.22888333,5.14794167,False,709132.00000000,5346.00000000,44536.00000000,6.28000000,1.79000000,
NOBRE-0564,564,Asia,Japan,2015,34.43074444,135.41330833,False,17001.00000000,508.00000000,11018.00000000,64.81000000,1.10000000,
NOBRE-0565,565,Asia,Japan,2020,34.42464167,135.41151389,False,32411.00000000,1081.00000000,10916.00000000,33.68000000,1.69000000,
NOBRE-0566,566,Asia,Japan,2016,34.61663889,136.53593611,False,86162.00000000,2600.00000000,24974.00000000,28.98000000,2.50000000,
NOBRE-0567,567,Asia,Japan,2016,35.45638333,133.26479444,False,57682.00000000,969.00000000,7857.00000000,13.62000000,1.14000000,
NOBRE-0568,568,Asia,Japan,2014,35.42382778,133.30014444,False,54983.00000000,966.00000000,12434.00000000,22.61000000,1.16000000,
NOBRE-0569,569,Asia,Japan,2019,34.44168611,132.74504167,False,13229.00000000,433.00000000,8050.00000000,60.85000000,1.06000000,
NOBRE-0570,570,Asia,Japan,2018,34.38100556,132.70241389,False,37832.00000000,896.00000000,12814.00000000,33.87000000,1.30000000,
NOBRE-0571,571,Asia,Japan,2022,34.37854167,132.69491944,False,12838.00000000,454.00000000,5937.00000000,46.25000000,1.13000000,
NOBRE-0572,572,Asia,Japan,2022,34.37768611,132.69586944,False,19093.00000000,536.00000000,10743.00000000,56.27000000,1.09000000,
NOBRE-0573,573,Asia,Japan,2020,34.52047222,133.49498056,False,16672.00000000,518.00000000,9208.00000000,55.23000000,1.13000000,
NOBRE-0574,574,Asia,Japan,2020,34.52418611,133.45733611,False,13674.00000000,570.00000000,6131.00000000,44.84000000,1.38000000,
NOBRE-0575,575,Asia,Japan,2020,34.52596111,133.59756111,False,15177.00000000,470.00000000,8343.00000000,54.97000000,1.08000000,
NOBRE-0576,576,Asia,Japan,2016,35.49642500,133.22178611,False,69982.00000000,1120.00000000,13702.00000000,19.58000000,1.19000000,
NOBRE-0577,577,Asia,Japan,2020,34.51522222,133.60447500,False,28319.00000000,711.00000000,17584.00000000,62.09000000,1.19000000,
NOBRE-0578,578,Asia,Japan,2018,34.59086944,133.96641111,False,12718.00000000,748.00000000,8445.00000000,66.40000000,1.87000000,
NOBRE-0579,579,Asia,Japan,2017,34.59541667,133.92973333,False,335540.00000000,5660.00000000,88369.00000000,26.34000000,2.76000000,
NOBRE-0580,580,Asia,Japan,2016,34.58362222,134.08432500,False,89865.00000000,1280.00000000,59014.00000000,65.67000000,1.20000000,
NOBRE-0581,581,Asia,Japan,2016,34.51504167,135.55816944,False,81531.00000000,1431.00000000,25506.00000000,31.28000000,1.41000000,
NOBRE-0582,582,Asia,Japan,2019,35.16160000,137.05991389,False,16595.00000000,510.00000000,6343.00000000,38.22000000,1.12000000,
NOBRE-0583,583,Asia,Japan,2020,35.24288056,136.61307778,False,12581.00000000,410.00000000,6785.00000000,53.93000000,1.03000000,
NOBRE-0584,584,Asia,Japan,2020,35.27460556,136.59383889,False,92426.00000000,1265.00000000,18780.00000000,20.32000000,1.17000000,2154.00000000
NOBRE-0585,585,Asia,Japan,2020,35.26185556,136.58641667,False,39330.00000000,1261.00000000,9661.00000000,24.56000000,1.79000000,1080.00000000
NOBRE-0586,586,Asia,Japan,2021,35.26062500,136.59294722,False,69154.00000000,2716.00000000,20510.00000000,29.66000000,2.91000000,
NOBRE-0587,587,Asia,Japan,2017,35.24683889,136.59679722,False,41794.00000000,921.00000000,14414.00000000,34.49000000,1.27000000,
NOBRE-0588,588,Asia,Japan,2022,35.46021667,133.45997778,False,61189.00000000,2070.00000000,19100.00000000,31.21000000,2.36000000,
NOBRE-0589,589,Asia,Japan,2019,34.36571667,135.29191389,False,47062.00000000,1130.00000000,26205.00000000,55.68000000,1.47000000,2861.00000000
NOBRE-0590,590,Asia,Japan,2019,34.36071111,135.25884722,False,38070.00000000,1024.00000000,22939.00000000,60.25000000,1.48000000,
NOBRE-0591,591,Asia,Japan,2015,35.94344167,139.45484722,False,21556.00000000,920.00000000,7919.00000000,36.74000000,1.77000000,
NOBRE-0592,592,Asia,Japan,2020,35.98768056,139.48307778,False,17717.00000000,535.00000000,6055.00000000,34.18000000,1.13000000,
NOBRE-0593,593,Asia,Japan,2020,35.96466389,139.50351944,False,25040.00000000,646.00000000,6068.00000000,24.23000000,1.15000000,
NOBRE-0594,594,Asia,Japan,2016,34.71041111,137.56314722,False,12830.00000000,465.00000000,8934.00000000,69.63000000,1.16000000,
NOBRE-0595,595,Asia,Japan,2016,34.71023611,137.56221944,False,12954.00000000,472.00000000,10629.00000000,82.05000000,1.17000000,
NOBRE-0596,596,Asia,Japan,2016,34.70910000,137.56258611,False,10605.00000000,416.00000000,6811.00000000,64.22000000,1.14000000,
NOBRE-0597,597,Asia,Japan,2016,34.70833611,137.56391944,False,13127.00000000,483.00000000,10766.00000000,82.01000000,1.19000000,
NOBRE-0598,598,Asia,Japan,2016,34.70803889,137.56278611,False,1062.00000000,150.00000000,669.00000000,62.99000000,1.30000000,
NOBRE-0599,599,Asia,Japan,2016,34.70806667,137.56319167,False,1116.00000000,156.00000000,647.00000000,57.97000000,1.32000000,
NOBRE-0600,600,Asia,Japan,2016,34.70779167,137.56330278,False,1545.00000000,168.00000000,1126.00000000,72.88000000,1.21000000,
NOBRE-0601,601,Asia,South Korea,2020,38.27056111,128.48280833,False,349406.00000000,3536.00000000,24548.00000000,7.03000000,1.69000000,2007.00000000
NOBRE-0602,602,Asia,South Korea,2017,35.12605278,126.51047500,False,1178727.00000000,9812.00000000,37756.00000000,3.20000000,2.55000000,
NOBRE-0603,603,Asia,South Korea,2017,36.38126111,126.62701667,False,2422778.00000000,14604.00000000,24994.00000000,1.03000000,2.65000000,
NOBRE-0604,604,Asia,South Korea,2018,35.43676389,128.47479167,False,663785.00000000,4894.00000000,8730.00000000,1.32000000,1.69000000,
NOBRE-0605,605,Asia,South Korea,2015,35.43045556,128.49046667,False,482435.00000000,5063.00000000,7015.00000000,1.45000000,2.06000000,
NOBRE-0606,606,Asia,South Korea,2020,35.11624444,128.12453333,False,498586.00000000,3773.00000000,28578.00000000,5.73000000,1.51000000,
NOBRE-0607,607,Asia,South Korea,2022,35.09398056,128.00199444,False,116757.00000000,2618.00000000,9453.00000000,8.10000000,2.16000000,
NOBRE-0608,608,Asia,South Korea,2017,34.97457500,126.98557222,False,593383.00000000,4075.00000000,22038.00000000,3.71000000,1.49000000,
NOBRE-0609,609,Asia,South Korea,2015,35.06889167,126.62230000,False,174688.00000000,2165.00000000,6684.00000000,3.83000000,1.46000000,
NOBRE-0610,610,Asia,South Korea,2021,37.91706111,126.98793889,False,160238.00000000,2393.00000000,11530.00000000,7.20000000,1.69000000,
NOBRE-0611,611,Asia,South Korea,2018,36.87115833,127.71778056,False,234199.00000000,2524.00000000,22083.00000000,9.43000000,1.47000000,
NOBRE-0612,612,Asia,South Korea,2018,35.28261111,127.20996111,False,145457.00000000,1970.00000000,10345.00000000,7.11000000,1.46000000,
NOBRE-0613,613,Asia,South Korea,2018,35.54053056,128.69924167,False,544714.00000000,3594.00000000,24778.00000000,4.55000000,1.37000000,
NOBRE-0614,614,Asia,South Korea,2015,35.51216389,128.71335556,False,202530.00000000,1866.00000000,2449.00000000,1.21000000,1.17000000,
NOBRE-0615,615,Asia,South Korea,2018,35.23426667,128.33630278,False,176081.00000000,2257.00000000,15060.00000000,8.55000000,1.52000000,955.00000000
NOBRE-0616,616,Asia,South Korea,2020,35.43190278,128.21637778,False,201141.00000000,2973.00000000,15114.00000000,7.51000000,1.87000000,
NOBRE-0617,617,Asia,South Korea,2018,36.33247500,128.42125556,False,534061.00000000,5511.00000000,28050.00000000,5.25000000,2.13000000,
NOBRE-0618,618,Asia,South Korea,2018,36.38566389,128.46043333,False,496107.00000000,4749.00000000,10608.00000000,2.14000000,1.90000000,
NOBRE-0619,619,Asia,South Korea,2020,35.85387778,128.79192778,False,154416.00000000,1637.00000000,16718.00000000,10.83000000,1.18000000,
NOBRE-0620,620,Asia,South Korea,2019,36.18149444,129.26624444,False,448752.00000000,6116.00000000,21323.00000000,4.75000000,2.58000000,
NOBRE-0621,621,Asia,South Korea,2020,36.60084444,128.57541944,False,470072.00000000,5334.00000000,46794.00000000,9.95000000,2.19000000,
NOBRE-0622,622,Asia,South Korea,2020,36.69919722,127.30611944,False,66491.00000000,1311.00000000,5941.00000000,8.94000000,1.43000000,
NOBRE-0623,623,Asia,South Korea,2015,37.00441667,127.70618611,False,856833.00000000,5736.00000000,7447.00000000,0.87000000,1.75000000,
NOBRE-0624,624,Asia,South Korea,2020,36.81743056,127.50140278,False,2334444.00000000,20226.00000000,25325.00000000,1.08000000,3.73000000,2540.00000000
NOBRE-0625,625,Asia,Singapore,2021,1.34217500,103.92373889,False,842620.00000000,4202.00000000,12540.00000000,1.49000000,1.29000000,1500.00000000
NOBRE-0626,626,Asia,Israel,2021,31.54268611,34.61740556,False,94044.00000000,1260.00000000,29968.00000000,31.87000000,1.16000000,
NOBRE-0627,627,Asia,Israel,2020,32.67127500,35.60078611,False,91704.00000000,1282.00000000,63875.00000000,69.65000000,1.19000000,
NOBRE-0628,628,Asia,Thailand,2021,13.42921389,101.08064444,False,384314.00000000,3695.00000000,8907.00000000,2.32000000,1.68000000,
NOBRE-0629,629,Asia,China,2021,28.15443333,115.41029167,False,267531.00000000,3702.00000000,140684.00000000,52.59000000,2.02000000,
NOBRE-0630,630,Asia,China,2021,28.16050000,115.40724722,False,21806.00000000,596.00000000,7973.00000000,36.56000000,1.14000000,
NOBRE-0631,631,Europe,Netherlands,2020,52.54571111,6.15354444,False,630000.00000000,,182500.00000000,28.97000000,,
NOBRE-0632,632,South America,Brazil,2019,-25.50850278,-49.37138889,False,9000000.00000000,,1200.00000000,0.01000000,,130.00000000
NOBRE-0633,633,Asia,Taiwan,2022,23.18977222,120.37933611,False,8349544.00000000,,91830.00000000,1.10000000,,13700.00000000
NOBRE-0634,634,Asia,Japan,2015,,,False,,,,,,528.00000000
NOBRE-0635,635,Asia,Japan,2015,,,False,,,,,,504.00000000
NOBRE-0636,636,Asia,South Korea,2015,36.99735833,127.33490556,False,1206441.00000000,10930.00000000,7628.00000000,0.63000000,2.81000000,465.00000000
NOBRE-0637,637,Asia,Japan,2015,,,False,,,,,,460.00000000
NOBRE-0638,638,Europe,Italy,2015,,,False,,,,,,40.00000000
NOBRE-0639,639,Asia,Japan,2014,,,False,24300.00000000,,9100.00000000,37.45000000,,848.00000000
NOBRE-0640,640,Asia,Japan,2014,,,False,19000.00000000,,8100.00000000,42.63000000,,696.00000000
NOBRE-0641,641,Asia,Japan,2014,,,False,,,,,,40.00000000
NOBRE-0642,642,Asia,Japan,2014,,,False,,,,,,5.80000000
NOBRE-0643,643,Europe,Italy,2014,,,False,,,,,,150.00000000
